[2026-06-19 00:24:43] production.ERROR: Class "App\Providers\AppServiceProvider" not found {"exception":"[object] (Error(code: 0): Class \"App\\Providers\\AppServiceProvider\" not found at C:/Users/mukuk/Downloads/Kimi_Agent_Composer Discover Error/project/vendor/laravel/framework/src/Illuminate/Foundation/ProviderRepository.php:206)
[stacktrace]
#0 C:/Users/mukuk/Downloads/Kimi_Agent_Composer Discover Error/project/vendor/laravel/framework/src/Illuminate/Foundation/ProviderRepository.php(142): Illuminate/Foundation/ProviderRepository->createProvider('App//Providers//A...')
#1 C:/Users/mukuk/Downloads/Kimi_Agent_Composer Discover Error/project/vendor/laravel/framework/src/Illuminate/Foundation/ProviderRepository.php(61): Illuminate/Foundation/ProviderRepository->compileManifest(Array)
#2 C:/Users/mukuk/Downloads/Kimi_Agent_Composer Discover Error/project/vendor/laravel/framework/src/Illuminate/Foundation/Application.php(871): Illuminate/Foundation/ProviderRepository->load(Array)
#3 C:/Users/mukuk/Downloads/Kimi_Agent_Composer Discover Error/project/vendor/laravel/framework/src/Illuminate/Foundation/Bootstrap/RegisterProviders.php(37): Illuminate/Foundation/Application->registerConfiguredProviders()
#4 C:/Users/mukuk/Downloads/Kimi_Agent_Composer Discover Error/project/vendor/laravel/framework/src/Illuminate/Foundation/Application.php(342): Illuminate/Foundation/Bootstrap/RegisterProviders->bootstrap(Object(Illuminate/Foundation/Application))
#5 C:/Users/mukuk/Downloads/Kimi_Agent_Composer Discover Error/project/vendor/laravel/framework/src/Illuminate/Foundation/Console/Kernel.php(474): Illuminate/Foundation/Application->bootstrapWith(Array)
#6 C:/Users/mukuk/Downloads/Kimi_Agent_Composer Discover Error/project/vendor/laravel/framework/src/Illuminate/Foundation/Console/Kernel.php(196): Illuminate/Foundation/Console/Kernel->bootstrap()
#7 C:/Users/mukuk/Downloads/Kimi_Agent_Composer Discover Error/project/artisan(12): Illuminate/Foundation/Console/Kernel->handle(Object(Symfony/Component/Console/Input/ArgvInput), Object(Symfony/Component/Console/Output/ConsoleOutput))
#8 {main}
"} 
[2026-06-19 21:31:26] production.ERROR: SQLSTATE[23000]: Integrity constraint violation: 19 UNIQUE constraint failed: users.email (Connection: sqlite, SQL: insert into "users" ("name", "email", "password", "role", "panelist_name", "updated_at", "created_at") values (Super User, super@pif.zm, $2y$12$ut82xbGIzgCGmUD333E1TuIpK2Ke9U0k/A6EN90d8HbBIKTTfZH6y, super, ?, 2026-06-19 21:31:25, 2026-06-19 21:31:25)) {"exception":"[object] (Illuminate\\Database\\UniqueConstraintViolationException(code: 23000): SQLSTATE[23000]: Integrity constraint violation: 19 UNIQUE constraint failed: users.email (Connection: sqlite, SQL: insert into \"users\" (\"name\", \"email\", \"password\", \"role\", \"panelist_name\", \"updated_at\", \"created_at\") values (Super User, super@pif.zm, $2y$12$ut82xbGIzgCGmUD333E1TuIpK2Ke9U0k/A6EN90d8HbBIKTTfZH6y, super, ?, 2026-06-19 21:31:25, 2026-06-19 21:31:25)) at C:/Users/mukuk/Documents/GitHub/pif-ehub/vendor/laravel/framework/src/Illuminate/Database/Connection.php:820)
[stacktrace]
#0 C:/Users/mukuk/Documents/GitHub/pif-ehub/vendor/laravel/framework/src/Illuminate/Database/Connection.php(779): Illuminate/Database/Connection->runQueryCallback('insert into \"us...', Array, Object(Closure))
#1 C:/Users/mukuk/Documents/GitHub/pif-ehub/vendor/laravel/framework/src/Illuminate/Database/Connection.php(560): Illuminate/Database/Connection->run('insert into \"us...', Array, Object(Closure))
#2 C:/Users/mukuk/Documents/GitHub/pif-ehub/vendor/laravel/framework/src/Illuminate/Database/Connection.php(524): Illuminate/Database/Connection->statement('insert into \"us...', Array)
#3 C:/Users/mukuk/Documents/GitHub/pif-ehub/vendor/laravel/framework/src/Illuminate/Database/Query/Processors/Processor.php(32): Illuminate/Database/Connection->insert('insert into \"us...', Array)
#4 C:/Users/mukuk/Documents/GitHub/pif-ehub/vendor/laravel/framework/src/Illuminate/Database/Query/Builder.php(3766): Illuminate/Database/Query/Processors/Processor->processInsertGetId(Object(Illuminate/Database/Query/Builder), 'insert into \"us...', Array, 'id')
#5 C:/Users/mukuk/Documents/GitHub/pif-ehub/vendor/laravel/framework/src/Illuminate/Database/Eloquent/Builder.php(2120): Illuminate/Database/Query/Builder->insertGetId(Array, 'id')
#6 C:/Users/mukuk/Documents/GitHub/pif-ehub/vendor/laravel/framework/src/Illuminate/Database/Eloquent/Model.php(1359): Illuminate/Database/Eloquent/Builder->__call('insertGetId', Array)
#7 C:/Users/mukuk/Documents/GitHub/pif-ehub/vendor/laravel/framework/src/Illuminate/Database/Eloquent/Model.php(1324): Illuminate/Database/Eloquent/Model->insertAndSetId(Object(Illuminate/Database/Eloquent/Builder), Array)
#8 C:/Users/mukuk/Documents/GitHub/pif-ehub/vendor/laravel/framework/src/Illuminate/Database/Eloquent/Model.php(1163): Illuminate/Database/Eloquent/Model->performInsert(Object(Illuminate/Database/Eloquent/Builder))
#9 C:/Users/mukuk/Documents/GitHub/pif-ehub/vendor/laravel/framework/src/Illuminate/Database/Eloquent/Builder.php(1128): Illuminate/Database/Eloquent/Model->save()
#10 C:/Users/mukuk/Documents/GitHub/pif-ehub/vendor/laravel/framework/src/Illuminate/Support/helpers.php(399): Illuminate/Database/Eloquent/Builder->Illuminate/Database/Eloquent/{closure}(Object(App/Models/User))
#11 C:/Users/mukuk/Documents/GitHub/pif-ehub/vendor/laravel/framework/src/Illuminate/Database/Eloquent/Builder.php(1127): tap(Object(App/Models/User), Object(Closure))
#12 C:/Users/mukuk/Documents/GitHub/pif-ehub/vendor/laravel/framework/src/Illuminate/Support/Traits/ForwardsCalls.php(23): Illuminate/Database/Eloquent/Builder->create(Array)
#13 C:/Users/mukuk/Documents/GitHub/pif-ehub/vendor/laravel/framework/src/Illuminate/Database/Eloquent/Model.php(2372): Illuminate/Database/Eloquent/Model->forwardCallTo(Object(Illuminate/Database/Eloquent/Builder), 'create', Array)
#14 C:/Users/mukuk/Documents/GitHub/pif-ehub/vendor/laravel/framework/src/Illuminate/Database/Eloquent/Model.php(2384): Illuminate/Database/Eloquent/Model->__call('create', Array)
#15 C:/Users/mukuk/Documents/GitHub/pif-ehub/database/seeders/UserSeeder.php(17): Illuminate/Database/Eloquent/Model::__callStatic('create', Array)
#16 C:/Users/mukuk/Documents/GitHub/pif-ehub/vendor/laravel/framework/src/Illuminate/Container/BoundMethod.php(36): Database/Seeders/UserSeeder->run()
#17 C:/Users/mukuk/Documents/GitHub/pif-ehub/vendor/laravel/framework/src/Illuminate/Container/Util.php(43): Illuminate/Container/BoundMethod::Illuminate/Container/{closure}()
#18 C:/Users/mukuk/Documents/GitHub/pif-ehub/vendor/laravel/framework/src/Illuminate/Container/BoundMethod.php(95): Illuminate/Container/Util::unwrapIfClosure(Object(Closure))
#19 C:/Users/mukuk/Documents/GitHub/pif-ehub/vendor/laravel/framework/src/Illuminate/Container/BoundMethod.php(35): Illuminate/Container/BoundMethod::callBoundMethod(Object(Illuminate/Foundation/Application), Array, Object(Closure))
#20 C:/Users/mukuk/Documents/GitHub/pif-ehub/vendor/laravel/framework/src/Illuminate/Container/Container.php(696): Illuminate/Container/BoundMethod::call(Object(Illuminate/Foundation/Application), Array, Array, NULL)
#21 C:/Users/mukuk/Documents/GitHub/pif-ehub/vendor/laravel/framework/src/Illuminate/Database/Seeder.php(188): Illuminate/Container/Container->call(Array, Array)
#22 C:/Users/mukuk/Documents/GitHub/pif-ehub/vendor/laravel/framework/src/Illuminate/Database/Seeder.php(197): Illuminate/Database/Seeder->Illuminate/Database/{closure}()
#23 C:/Users/mukuk/Documents/GitHub/pif-ehub/vendor/laravel/framework/src/Illuminate/Database/Seeder.php(61): Illuminate/Database/Seeder->__invoke(Array)
#24 C:/Users/mukuk/Documents/GitHub/pif-ehub/database/seeders/DatabaseSeeder.php(14): Illuminate/Database/Seeder->call('Database//Seeder...')
#25 C:/Users/mukuk/Documents/GitHub/pif-ehub/vendor/laravel/framework/src/Illuminate/Container/BoundMethod.php(36): Database/Seeders/DatabaseSeeder->run()
#26 C:/Users/mukuk/Documents/GitHub/pif-ehub/vendor/laravel/framework/src/Illuminate/Container/Util.php(43): Illuminate/Container/BoundMethod::Illuminate/Container/{closure}()
#27 C:/Users/mukuk/Documents/GitHub/pif-ehub/vendor/laravel/framework/src/Illuminate/Container/BoundMethod.php(95): Illuminate/Container/Util::unwrapIfClosure(Object(Closure))
#28 C:/Users/mukuk/Documents/GitHub/pif-ehub/vendor/laravel/framework/src/Illuminate/Container/BoundMethod.php(35): Illuminate/Container/BoundMethod::callBoundMethod(Object(Illuminate/Foundation/Application), Array, Object(Closure))
#29 C:/Users/mukuk/Documents/GitHub/pif-ehub/vendor/laravel/framework/src/Illuminate/Container/Container.php(696): Illuminate/Container/BoundMethod::call(Object(Illuminate/Foundation/Application), Array, Array, NULL)
#30 C:/Users/mukuk/Documents/GitHub/pif-ehub/vendor/laravel/framework/src/Illuminate/Database/Seeder.php(188): Illuminate/Container/Container->call(Array, Array)
#31 C:/Users/mukuk/Documents/GitHub/pif-ehub/vendor/laravel/framework/src/Illuminate/Database/Seeder.php(197): Illuminate/Database/Seeder->Illuminate/Database/{closure}()
#32 C:/Users/mukuk/Documents/GitHub/pif-ehub/vendor/laravel/framework/src/Illuminate/Database/Console/Seeds/SeedCommand.php(70): Illuminate/Database/Seeder->__invoke()
#33 C:/Users/mukuk/Documents/GitHub/pif-ehub/vendor/laravel/framework/src/Illuminate/Database/Eloquent/Concerns/GuardsAttributes.php(155): Illuminate/Database/Console/Seeds/SeedCommand->Illuminate/Database/Console/Seeds/{closure}()
#34 C:/Users/mukuk/Documents/GitHub/pif-ehub/vendor/laravel/framework/src/Illuminate/Database/Console/Seeds/SeedCommand.php(69): Illuminate/Database/Eloquent/Model::unguarded(Object(Closure))
#35 C:/Users/mukuk/Documents/GitHub/pif-ehub/vendor/laravel/framework/src/Illuminate/Container/BoundMethod.php(36): Illuminate/Database/Console/Seeds/SeedCommand->handle()
#36 C:/Users/mukuk/Documents/GitHub/pif-ehub/vendor/laravel/framework/src/Illuminate/Container/Util.php(43): Illuminate/Container/BoundMethod::Illuminate/Container/{closure}()
#37 C:/Users/mukuk/Documents/GitHub/pif-ehub/vendor/laravel/framework/src/Illuminate/Container/BoundMethod.php(95): Illuminate/Container/Util::unwrapIfClosure(Object(Closure))
#38 C:/Users/mukuk/Documents/GitHub/pif-ehub/vendor/laravel/framework/src/Illuminate/Container/BoundMethod.php(35): Illuminate/Container/BoundMethod::callBoundMethod(Object(Illuminate/Foundation/Application), Array, Object(Closure))
#39 C:/Users/mukuk/Documents/GitHub/pif-ehub/vendor/laravel/framework/src/Illuminate/Container/Container.php(696): Illuminate/Container/BoundMethod::call(Object(Illuminate/Foundation/Application), Array, Array, NULL)
#40 C:/Users/mukuk/Documents/GitHub/pif-ehub/vendor/laravel/framework/src/Illuminate/Console/Command.php(213): Illuminate/Container/Container->call(Array)
#41 C:/Users/mukuk/Documents/GitHub/pif-ehub/vendor/symfony/console/Command/Command.php(341): Illuminate/Console/Command->execute(Object(Symfony/Component/Console/Input/ArgvInput), Object(Illuminate/Console/OutputStyle))
#42 C:/Users/mukuk/Documents/GitHub/pif-ehub/vendor/laravel/framework/src/Illuminate/Console/Command.php(182): Symfony/Component/Console/Command/Command->run(Object(Symfony/Component/Console/Input/ArgvInput), Object(Illuminate/Console/OutputStyle))
#43 C:/Users/mukuk/Documents/GitHub/pif-ehub/vendor/symfony/console/Application.php(1117): Illuminate/Console/Command->run(Object(Symfony/Component/Console/Input/ArgvInput), Object(Symfony/Component/Console/Output/ConsoleOutput))
#44 C:/Users/mukuk/Documents/GitHub/pif-ehub/vendor/symfony/console/Application.php(356): Symfony/Component/Console/Application->doRunCommand(Object(Illuminate/Database/Console/Seeds/SeedCommand), Object(Symfony/Component/Console/Input/ArgvInput), Object(Symfony/Component/Console/Output/ConsoleOutput))
#45 C:/Users/mukuk/Documents/GitHub/pif-ehub/vendor/symfony/console/Application.php(195): Symfony/Component/Console/Application->doRun(Object(Symfony/Component/Console/Input/ArgvInput), Object(Symfony/Component/Console/Output/ConsoleOutput))
#46 C:/Users/mukuk/Documents/GitHub/pif-ehub/vendor/laravel/framework/src/Illuminate/Foundation/Console/Kernel.php(198): Symfony/Component/Console/Application->run(Object(Symfony/Component/Console/Input/ArgvInput), Object(Symfony/Component/Console/Output/ConsoleOutput))
#47 C:/Users/mukuk/Documents/GitHub/pif-ehub/artisan(12): Illuminate/Foundation/Console/Kernel->handle(Object(Symfony/Component/Console/Input/ArgvInput), Object(Symfony/Component/Console/Output/ConsoleOutput))
#48 {main}

[previous exception] [object] (PDOException(code: 23000): SQLSTATE[23000]: Integrity constraint violation: 19 UNIQUE constraint failed: users.email at C:/Users/mukuk/Documents/GitHub/pif-ehub/vendor/laravel/framework/src/Illuminate/Database/Connection.php:571)
[stacktrace]
#0 C:/Users/mukuk/Documents/GitHub/pif-ehub/vendor/laravel/framework/src/Illuminate/Database/Connection.php(571): PDOStatement->execute()
#1 C:/Users/mukuk/Documents/GitHub/pif-ehub/vendor/laravel/framework/src/Illuminate/Database/Connection.php(812): Illuminate/Database/Connection->Illuminate/Database/{closure}('insert into \"us...', Array)
#2 C:/Users/mukuk/Documents/GitHub/pif-ehub/vendor/laravel/framework/src/Illuminate/Database/Connection.php(779): Illuminate/Database/Connection->runQueryCallback('insert into \"us...', Array, Object(Closure))
#3 C:/Users/mukuk/Documents/GitHub/pif-ehub/vendor/laravel/framework/src/Illuminate/Database/Connection.php(560): Illuminate/Database/Connection->run('insert into \"us...', Array, Object(Closure))
#4 C:/Users/mukuk/Documents/GitHub/pif-ehub/vendor/laravel/framework/src/Illuminate/Database/Connection.php(524): Illuminate/Database/Connection->statement('insert into \"us...', Array)
#5 C:/Users/mukuk/Documents/GitHub/pif-ehub/vendor/laravel/framework/src/Illuminate/Database/Query/Processors/Processor.php(32): Illuminate/Database/Connection->insert('insert into \"us...', Array)
#6 C:/Users/mukuk/Documents/GitHub/pif-ehub/vendor/laravel/framework/src/Illuminate/Database/Query/Builder.php(3766): Illuminate/Database/Query/Processors/Processor->processInsertGetId(Object(Illuminate/Database/Query/Builder), 'insert into \"us...', Array, 'id')
#7 C:/Users/mukuk/Documents/GitHub/pif-ehub/vendor/laravel/framework/src/Illuminate/Database/Eloquent/Builder.php(2120): Illuminate/Database/Query/Builder->insertGetId(Array, 'id')
#8 C:/Users/mukuk/Documents/GitHub/pif-ehub/vendor/laravel/framework/src/Illuminate/Database/Eloquent/Model.php(1359): Illuminate/Database/Eloquent/Builder->__call('insertGetId', Array)
#9 C:/Users/mukuk/Documents/GitHub/pif-ehub/vendor/laravel/framework/src/Illuminate/Database/Eloquent/Model.php(1324): Illuminate/Database/Eloquent/Model->insertAndSetId(Object(Illuminate/Database/Eloquent/Builder), Array)
#10 C:/Users/mukuk/Documents/GitHub/pif-ehub/vendor/laravel/framework/src/Illuminate/Database/Eloquent/Model.php(1163): Illuminate/Database/Eloquent/Model->performInsert(Object(Illuminate/Database/Eloquent/Builder))
#11 C:/Users/mukuk/Documents/GitHub/pif-ehub/vendor/laravel/framework/src/Illuminate/Database/Eloquent/Builder.php(1128): Illuminate/Database/Eloquent/Model->save()
#12 C:/Users/mukuk/Documents/GitHub/pif-ehub/vendor/laravel/framework/src/Illuminate/Support/helpers.php(399): Illuminate/Database/Eloquent/Builder->Illuminate/Database/Eloquent/{closure}(Object(App/Models/User))
#13 C:/Users/mukuk/Documents/GitHub/pif-ehub/vendor/laravel/framework/src/Illuminate/Database/Eloquent/Builder.php(1127): tap(Object(App/Models/User), Object(Closure))
#14 C:/Users/mukuk/Documents/GitHub/pif-ehub/vendor/laravel/framework/src/Illuminate/Support/Traits/ForwardsCalls.php(23): Illuminate/Database/Eloquent/Builder->create(Array)
#15 C:/Users/mukuk/Documents/GitHub/pif-ehub/vendor/laravel/framework/src/Illuminate/Database/Eloquent/Model.php(2372): Illuminate/Database/Eloquent/Model->forwardCallTo(Object(Illuminate/Database/Eloquent/Builder), 'create', Array)
#16 C:/Users/mukuk/Documents/GitHub/pif-ehub/vendor/laravel/framework/src/Illuminate/Database/Eloquent/Model.php(2384): Illuminate/Database/Eloquent/Model->__call('create', Array)
#17 C:/Users/mukuk/Documents/GitHub/pif-ehub/database/seeders/UserSeeder.php(17): Illuminate/Database/Eloquent/Model::__callStatic('create', Array)
#18 C:/Users/mukuk/Documents/GitHub/pif-ehub/vendor/laravel/framework/src/Illuminate/Container/BoundMethod.php(36): Database/Seeders/UserSeeder->run()
#19 C:/Users/mukuk/Documents/GitHub/pif-ehub/vendor/laravel/framework/src/Illuminate/Container/Util.php(43): Illuminate/Container/BoundMethod::Illuminate/Container/{closure}()
#20 C:/Users/mukuk/Documents/GitHub/pif-ehub/vendor/laravel/framework/src/Illuminate/Container/BoundMethod.php(95): Illuminate/Container/Util::unwrapIfClosure(Object(Closure))
#21 C:/Users/mukuk/Documents/GitHub/pif-ehub/vendor/laravel/framework/src/Illuminate/Container/BoundMethod.php(35): Illuminate/Container/BoundMethod::callBoundMethod(Object(Illuminate/Foundation/Application), Array, Object(Closure))
#22 C:/Users/mukuk/Documents/GitHub/pif-ehub/vendor/laravel/framework/src/Illuminate/Container/Container.php(696): Illuminate/Container/BoundMethod::call(Object(Illuminate/Foundation/Application), Array, Array, NULL)
#23 C:/Users/mukuk/Documents/GitHub/pif-ehub/vendor/laravel/framework/src/Illuminate/Database/Seeder.php(188): Illuminate/Container/Container->call(Array, Array)
#24 C:/Users/mukuk/Documents/GitHub/pif-ehub/vendor/laravel/framework/src/Illuminate/Database/Seeder.php(197): Illuminate/Database/Seeder->Illuminate/Database/{closure}()
#25 C:/Users/mukuk/Documents/GitHub/pif-ehub/vendor/laravel/framework/src/Illuminate/Database/Seeder.php(61): Illuminate/Database/Seeder->__invoke(Array)
#26 C:/Users/mukuk/Documents/GitHub/pif-ehub/database/seeders/DatabaseSeeder.php(14): Illuminate/Database/Seeder->call('Database//Seeder...')
#27 C:/Users/mukuk/Documents/GitHub/pif-ehub/vendor/laravel/framework/src/Illuminate/Container/BoundMethod.php(36): Database/Seeders/DatabaseSeeder->run()
#28 C:/Users/mukuk/Documents/GitHub/pif-ehub/vendor/laravel/framework/src/Illuminate/Container/Util.php(43): Illuminate/Container/BoundMethod::Illuminate/Container/{closure}()
#29 C:/Users/mukuk/Documents/GitHub/pif-ehub/vendor/laravel/framework/src/Illuminate/Container/BoundMethod.php(95): Illuminate/Container/Util::unwrapIfClosure(Object(Closure))
#30 C:/Users/mukuk/Documents/GitHub/pif-ehub/vendor/laravel/framework/src/Illuminate/Container/BoundMethod.php(35): Illuminate/Container/BoundMethod::callBoundMethod(Object(Illuminate/Foundation/Application), Array, Object(Closure))
#31 C:/Users/mukuk/Documents/GitHub/pif-ehub/vendor/laravel/framework/src/Illuminate/Container/Container.php(696): Illuminate/Container/BoundMethod::call(Object(Illuminate/Foundation/Application), Array, Array, NULL)
#32 C:/Users/mukuk/Documents/GitHub/pif-ehub/vendor/laravel/framework/src/Illuminate/Database/Seeder.php(188): Illuminate/Container/Container->call(Array, Array)
#33 C:/Users/mukuk/Documents/GitHub/pif-ehub/vendor/laravel/framework/src/Illuminate/Database/Seeder.php(197): Illuminate/Database/Seeder->Illuminate/Database/{closure}()
#34 C:/Users/mukuk/Documents/GitHub/pif-ehub/vendor/laravel/framework/src/Illuminate/Database/Console/Seeds/SeedCommand.php(70): Illuminate/Database/Seeder->__invoke()
#35 C:/Users/mukuk/Documents/GitHub/pif-ehub/vendor/laravel/framework/src/Illuminate/Database/Eloquent/Concerns/GuardsAttributes.php(155): Illuminate/Database/Console/Seeds/SeedCommand->Illuminate/Database/Console/Seeds/{closure}()
#36 C:/Users/mukuk/Documents/GitHub/pif-ehub/vendor/laravel/framework/src/Illuminate/Database/Console/Seeds/SeedCommand.php(69): Illuminate/Database/Eloquent/Model::unguarded(Object(Closure))
#37 C:/Users/mukuk/Documents/GitHub/pif-ehub/vendor/laravel/framework/src/Illuminate/Container/BoundMethod.php(36): Illuminate/Database/Console/Seeds/SeedCommand->handle()
#38 C:/Users/mukuk/Documents/GitHub/pif-ehub/vendor/laravel/framework/src/Illuminate/Container/Util.php(43): Illuminate/Container/BoundMethod::Illuminate/Container/{closure}()
#39 C:/Users/mukuk/Documents/GitHub/pif-ehub/vendor/laravel/framework/src/Illuminate/Container/BoundMethod.php(95): Illuminate/Container/Util::unwrapIfClosure(Object(Closure))
#40 C:/Users/mukuk/Documents/GitHub/pif-ehub/vendor/laravel/framework/src/Illuminate/Container/BoundMethod.php(35): Illuminate/Container/BoundMethod::callBoundMethod(Object(Illuminate/Foundation/Application), Array, Object(Closure))
#41 C:/Users/mukuk/Documents/GitHub/pif-ehub/vendor/laravel/framework/src/Illuminate/Container/Container.php(696): Illuminate/Container/BoundMethod::call(Object(Illuminate/Foundation/Application), Array, Array, NULL)
#42 C:/Users/mukuk/Documents/GitHub/pif-ehub/vendor/laravel/framework/src/Illuminate/Console/Command.php(213): Illuminate/Container/Container->call(Array)
#43 C:/Users/mukuk/Documents/GitHub/pif-ehub/vendor/symfony/console/Command/Command.php(341): Illuminate/Console/Command->execute(Object(Symfony/Component/Console/Input/ArgvInput), Object(Illuminate/Console/OutputStyle))
#44 C:/Users/mukuk/Documents/GitHub/pif-ehub/vendor/laravel/framework/src/Illuminate/Console/Command.php(182): Symfony/Component/Console/Command/Command->run(Object(Symfony/Component/Console/Input/ArgvInput), Object(Illuminate/Console/OutputStyle))
#45 C:/Users/mukuk/Documents/GitHub/pif-ehub/vendor/symfony/console/Application.php(1117): Illuminate/Console/Command->run(Object(Symfony/Component/Console/Input/ArgvInput), Object(Symfony/Component/Console/Output/ConsoleOutput))
#46 C:/Users/mukuk/Documents/GitHub/pif-ehub/vendor/symfony/console/Application.php(356): Symfony/Component/Console/Application->doRunCommand(Object(Illuminate/Database/Console/Seeds/SeedCommand), Object(Symfony/Component/Console/Input/ArgvInput), Object(Symfony/Component/Console/Output/ConsoleOutput))
#47 C:/Users/mukuk/Documents/GitHub/pif-ehub/vendor/symfony/console/Application.php(195): Symfony/Component/Console/Application->doRun(Object(Symfony/Component/Console/Input/ArgvInput), Object(Symfony/Component/Console/Output/ConsoleOutput))
#48 C:/Users/mukuk/Documents/GitHub/pif-ehub/vendor/laravel/framework/src/Illuminate/Foundation/Console/Kernel.php(198): Symfony/Component/Console/Application->run(Object(Symfony/Component/Console/Input/ArgvInput), Object(Symfony/Component/Console/Output/ConsoleOutput))
#49 C:/Users/mukuk/Documents/GitHub/pif-ehub/artisan(12): Illuminate/Foundation/Console/Kernel->handle(Object(Symfony/Component/Console/Input/ArgvInput), Object(Symfony/Component/Console/Output/ConsoleOutput))
#50 {main}
"} 
[2026-06-19 21:32:40] production.ERROR: SQLSTATE[23000]: Integrity constraint violation: 19 UNIQUE constraint failed: users.email (Connection: sqlite, SQL: insert into "users" ("name", "email", "password", "role", "panelist_name", "updated_at", "created_at") values (Super User, super@pif.zm, $2y$12$Ci2LW0jY7IwH5ZFwMkKXX.egQ2JaG32io4vIp0fYnTSsfXP0GUoP2, super, ?, 2026-06-19 21:32:40, 2026-06-19 21:32:40)) {"exception":"[object] (Illuminate\\Database\\UniqueConstraintViolationException(code: 23000): SQLSTATE[23000]: Integrity constraint violation: 19 UNIQUE constraint failed: users.email (Connection: sqlite, SQL: insert into \"users\" (\"name\", \"email\", \"password\", \"role\", \"panelist_name\", \"updated_at\", \"created_at\") values (Super User, super@pif.zm, $2y$12$Ci2LW0jY7IwH5ZFwMkKXX.egQ2JaG32io4vIp0fYnTSsfXP0GUoP2, super, ?, 2026-06-19 21:32:40, 2026-06-19 21:32:40)) at C:/Users/mukuk/Documents/GitHub/pif-ehub/vendor/laravel/framework/src/Illuminate/Database/Connection.php:820)
[stacktrace]
#0 C:/Users/mukuk/Documents/GitHub/pif-ehub/vendor/laravel/framework/src/Illuminate/Database/Connection.php(779): Illuminate/Database/Connection->runQueryCallback('insert into \"us...', Array, Object(Closure))
#1 C:/Users/mukuk/Documents/GitHub/pif-ehub/vendor/laravel/framework/src/Illuminate/Database/Connection.php(560): Illuminate/Database/Connection->run('insert into \"us...', Array, Object(Closure))
#2 C:/Users/mukuk/Documents/GitHub/pif-ehub/vendor/laravel/framework/src/Illuminate/Database/Connection.php(524): Illuminate/Database/Connection->statement('insert into \"us...', Array)
#3 C:/Users/mukuk/Documents/GitHub/pif-ehub/vendor/laravel/framework/src/Illuminate/Database/Query/Processors/Processor.php(32): Illuminate/Database/Connection->insert('insert into \"us...', Array)
#4 C:/Users/mukuk/Documents/GitHub/pif-ehub/vendor/laravel/framework/src/Illuminate/Database/Query/Builder.php(3766): Illuminate/Database/Query/Processors/Processor->processInsertGetId(Object(Illuminate/Database/Query/Builder), 'insert into \"us...', Array, 'id')
#5 C:/Users/mukuk/Documents/GitHub/pif-ehub/vendor/laravel/framework/src/Illuminate/Database/Eloquent/Builder.php(2120): Illuminate/Database/Query/Builder->insertGetId(Array, 'id')
#6 C:/Users/mukuk/Documents/GitHub/pif-ehub/vendor/laravel/framework/src/Illuminate/Database/Eloquent/Model.php(1359): Illuminate/Database/Eloquent/Builder->__call('insertGetId', Array)
#7 C:/Users/mukuk/Documents/GitHub/pif-ehub/vendor/laravel/framework/src/Illuminate/Database/Eloquent/Model.php(1324): Illuminate/Database/Eloquent/Model->insertAndSetId(Object(Illuminate/Database/Eloquent/Builder), Array)
#8 C:/Users/mukuk/Documents/GitHub/pif-ehub/vendor/laravel/framework/src/Illuminate/Database/Eloquent/Model.php(1163): Illuminate/Database/Eloquent/Model->performInsert(Object(Illuminate/Database/Eloquent/Builder))
#9 C:/Users/mukuk/Documents/GitHub/pif-ehub/vendor/laravel/framework/src/Illuminate/Database/Eloquent/Builder.php(1128): Illuminate/Database/Eloquent/Model->save()
#10 C:/Users/mukuk/Documents/GitHub/pif-ehub/vendor/laravel/framework/src/Illuminate/Support/helpers.php(399): Illuminate/Database/Eloquent/Builder->Illuminate/Database/Eloquent/{closure}(Object(App/Models/User))
#11 C:/Users/mukuk/Documents/GitHub/pif-ehub/vendor/laravel/framework/src/Illuminate/Database/Eloquent/Builder.php(1127): tap(Object(App/Models/User), Object(Closure))
#12 C:/Users/mukuk/Documents/GitHub/pif-ehub/vendor/laravel/framework/src/Illuminate/Support/Traits/ForwardsCalls.php(23): Illuminate/Database/Eloquent/Builder->create(Array)
#13 C:/Users/mukuk/Documents/GitHub/pif-ehub/vendor/laravel/framework/src/Illuminate/Database/Eloquent/Model.php(2372): Illuminate/Database/Eloquent/Model->forwardCallTo(Object(Illuminate/Database/Eloquent/Builder), 'create', Array)
#14 C:/Users/mukuk/Documents/GitHub/pif-ehub/vendor/laravel/framework/src/Illuminate/Database/Eloquent/Model.php(2384): Illuminate/Database/Eloquent/Model->__call('create', Array)
#15 C:/Users/mukuk/Documents/GitHub/pif-ehub/database/seeders/UserSeeder.php(17): Illuminate/Database/Eloquent/Model::__callStatic('create', Array)
#16 C:/Users/mukuk/Documents/GitHub/pif-ehub/vendor/laravel/framework/src/Illuminate/Container/BoundMethod.php(36): Database/Seeders/UserSeeder->run()
#17 C:/Users/mukuk/Documents/GitHub/pif-ehub/vendor/laravel/framework/src/Illuminate/Container/Util.php(43): Illuminate/Container/BoundMethod::Illuminate/Container/{closure}()
#18 C:/Users/mukuk/Documents/GitHub/pif-ehub/vendor/laravel/framework/src/Illuminate/Container/BoundMethod.php(95): Illuminate/Container/Util::unwrapIfClosure(Object(Closure))
#19 C:/Users/mukuk/Documents/GitHub/pif-ehub/vendor/laravel/framework/src/Illuminate/Container/BoundMethod.php(35): Illuminate/Container/BoundMethod::callBoundMethod(Object(Illuminate/Foundation/Application), Array, Object(Closure))
#20 C:/Users/mukuk/Documents/GitHub/pif-ehub/vendor/laravel/framework/src/Illuminate/Container/Container.php(696): Illuminate/Container/BoundMethod::call(Object(Illuminate/Foundation/Application), Array, Array, NULL)
#21 C:/Users/mukuk/Documents/GitHub/pif-ehub/vendor/laravel/framework/src/Illuminate/Database/Seeder.php(188): Illuminate/Container/Container->call(Array, Array)
#22 C:/Users/mukuk/Documents/GitHub/pif-ehub/vendor/laravel/framework/src/Illuminate/Database/Seeder.php(197): Illuminate/Database/Seeder->Illuminate/Database/{closure}()
#23 C:/Users/mukuk/Documents/GitHub/pif-ehub/vendor/laravel/framework/src/Illuminate/Database/Seeder.php(61): Illuminate/Database/Seeder->__invoke(Array)
#24 C:/Users/mukuk/Documents/GitHub/pif-ehub/database/seeders/DatabaseSeeder.php(14): Illuminate/Database/Seeder->call('Database//Seeder...')
#25 C:/Users/mukuk/Documents/GitHub/pif-ehub/vendor/laravel/framework/src/Illuminate/Container/BoundMethod.php(36): Database/Seeders/DatabaseSeeder->run()
#26 C:/Users/mukuk/Documents/GitHub/pif-ehub/vendor/laravel/framework/src/Illuminate/Container/Util.php(43): Illuminate/Container/BoundMethod::Illuminate/Container/{closure}()
#27 C:/Users/mukuk/Documents/GitHub/pif-ehub/vendor/laravel/framework/src/Illuminate/Container/BoundMethod.php(95): Illuminate/Container/Util::unwrapIfClosure(Object(Closure))
#28 C:/Users/mukuk/Documents/GitHub/pif-ehub/vendor/laravel/framework/src/Illuminate/Container/BoundMethod.php(35): Illuminate/Container/BoundMethod::callBoundMethod(Object(Illuminate/Foundation/Application), Array, Object(Closure))
#29 C:/Users/mukuk/Documents/GitHub/pif-ehub/vendor/laravel/framework/src/Illuminate/Container/Container.php(696): Illuminate/Container/BoundMethod::call(Object(Illuminate/Foundation/Application), Array, Array, NULL)
#30 C:/Users/mukuk/Documents/GitHub/pif-ehub/vendor/laravel/framework/src/Illuminate/Database/Seeder.php(188): Illuminate/Container/Container->call(Array, Array)
#31 C:/Users/mukuk/Documents/GitHub/pif-ehub/vendor/laravel/framework/src/Illuminate/Database/Seeder.php(197): Illuminate/Database/Seeder->Illuminate/Database/{closure}()
#32 C:/Users/mukuk/Documents/GitHub/pif-ehub/vendor/laravel/framework/src/Illuminate/Database/Console/Seeds/SeedCommand.php(70): Illuminate/Database/Seeder->__invoke()
#33 C:/Users/mukuk/Documents/GitHub/pif-ehub/vendor/laravel/framework/src/Illuminate/Database/Eloquent/Concerns/GuardsAttributes.php(155): Illuminate/Database/Console/Seeds/SeedCommand->Illuminate/Database/Console/Seeds/{closure}()
#34 C:/Users/mukuk/Documents/GitHub/pif-ehub/vendor/laravel/framework/src/Illuminate/Database/Console/Seeds/SeedCommand.php(69): Illuminate/Database/Eloquent/Model::unguarded(Object(Closure))
#35 C:/Users/mukuk/Documents/GitHub/pif-ehub/vendor/laravel/framework/src/Illuminate/Container/BoundMethod.php(36): Illuminate/Database/Console/Seeds/SeedCommand->handle()
#36 C:/Users/mukuk/Documents/GitHub/pif-ehub/vendor/laravel/framework/src/Illuminate/Container/Util.php(43): Illuminate/Container/BoundMethod::Illuminate/Container/{closure}()
#37 C:/Users/mukuk/Documents/GitHub/pif-ehub/vendor/laravel/framework/src/Illuminate/Container/BoundMethod.php(95): Illuminate/Container/Util::unwrapIfClosure(Object(Closure))
#38 C:/Users/mukuk/Documents/GitHub/pif-ehub/vendor/laravel/framework/src/Illuminate/Container/BoundMethod.php(35): Illuminate/Container/BoundMethod::callBoundMethod(Object(Illuminate/Foundation/Application), Array, Object(Closure))
#39 C:/Users/mukuk/Documents/GitHub/pif-ehub/vendor/laravel/framework/src/Illuminate/Container/Container.php(696): Illuminate/Container/BoundMethod::call(Object(Illuminate/Foundation/Application), Array, Array, NULL)
#40 C:/Users/mukuk/Documents/GitHub/pif-ehub/vendor/laravel/framework/src/Illuminate/Console/Command.php(213): Illuminate/Container/Container->call(Array)
#41 C:/Users/mukuk/Documents/GitHub/pif-ehub/vendor/symfony/console/Command/Command.php(341): Illuminate/Console/Command->execute(Object(Symfony/Component/Console/Input/ArgvInput), Object(Illuminate/Console/OutputStyle))
#42 C:/Users/mukuk/Documents/GitHub/pif-ehub/vendor/laravel/framework/src/Illuminate/Console/Command.php(182): Symfony/Component/Console/Command/Command->run(Object(Symfony/Component/Console/Input/ArgvInput), Object(Illuminate/Console/OutputStyle))
#43 C:/Users/mukuk/Documents/GitHub/pif-ehub/vendor/symfony/console/Application.php(1117): Illuminate/Console/Command->run(Object(Symfony/Component/Console/Input/ArgvInput), Object(Symfony/Component/Console/Output/ConsoleOutput))
#44 C:/Users/mukuk/Documents/GitHub/pif-ehub/vendor/symfony/console/Application.php(356): Symfony/Component/Console/Application->doRunCommand(Object(Illuminate/Database/Console/Seeds/SeedCommand), Object(Symfony/Component/Console/Input/ArgvInput), Object(Symfony/Component/Console/Output/ConsoleOutput))
#45 C:/Users/mukuk/Documents/GitHub/pif-ehub/vendor/symfony/console/Application.php(195): Symfony/Component/Console/Application->doRun(Object(Symfony/Component/Console/Input/ArgvInput), Object(Symfony/Component/Console/Output/ConsoleOutput))
#46 C:/Users/mukuk/Documents/GitHub/pif-ehub/vendor/laravel/framework/src/Illuminate/Foundation/Console/Kernel.php(198): Symfony/Component/Console/Application->run(Object(Symfony/Component/Console/Input/ArgvInput), Object(Symfony/Component/Console/Output/ConsoleOutput))
#47 C:/Users/mukuk/Documents/GitHub/pif-ehub/artisan(12): Illuminate/Foundation/Console/Kernel->handle(Object(Symfony/Component/Console/Input/ArgvInput), Object(Symfony/Component/Console/Output/ConsoleOutput))
#48 {main}

[previous exception] [object] (PDOException(code: 23000): SQLSTATE[23000]: Integrity constraint violation: 19 UNIQUE constraint failed: users.email at C:/Users/mukuk/Documents/GitHub/pif-ehub/vendor/laravel/framework/src/Illuminate/Database/Connection.php:571)
[stacktrace]
#0 C:/Users/mukuk/Documents/GitHub/pif-ehub/vendor/laravel/framework/src/Illuminate/Database/Connection.php(571): PDOStatement->execute()
#1 C:/Users/mukuk/Documents/GitHub/pif-ehub/vendor/laravel/framework/src/Illuminate/Database/Connection.php(812): Illuminate/Database/Connection->Illuminate/Database/{closure}('insert into \"us...', Array)
#2 C:/Users/mukuk/Documents/GitHub/pif-ehub/vendor/laravel/framework/src/Illuminate/Database/Connection.php(779): Illuminate/Database/Connection->runQueryCallback('insert into \"us...', Array, Object(Closure))
#3 C:/Users/mukuk/Documents/GitHub/pif-ehub/vendor/laravel/framework/src/Illuminate/Database/Connection.php(560): Illuminate/Database/Connection->run('insert into \"us...', Array, Object(Closure))
#4 C:/Users/mukuk/Documents/GitHub/pif-ehub/vendor/laravel/framework/src/Illuminate/Database/Connection.php(524): Illuminate/Database/Connection->statement('insert into \"us...', Array)
#5 C:/Users/mukuk/Documents/GitHub/pif-ehub/vendor/laravel/framework/src/Illuminate/Database/Query/Processors/Processor.php(32): Illuminate/Database/Connection->insert('insert into \"us...', Array)
#6 C:/Users/mukuk/Documents/GitHub/pif-ehub/vendor/laravel/framework/src/Illuminate/Database/Query/Builder.php(3766): Illuminate/Database/Query/Processors/Processor->processInsertGetId(Object(Illuminate/Database/Query/Builder), 'insert into \"us...', Array, 'id')
#7 C:/Users/mukuk/Documents/GitHub/pif-ehub/vendor/laravel/framework/src/Illuminate/Database/Eloquent/Builder.php(2120): Illuminate/Database/Query/Builder->insertGetId(Array, 'id')
#8 C:/Users/mukuk/Documents/GitHub/pif-ehub/vendor/laravel/framework/src/Illuminate/Database/Eloquent/Model.php(1359): Illuminate/Database/Eloquent/Builder->__call('insertGetId', Array)
#9 C:/Users/mukuk/Documents/GitHub/pif-ehub/vendor/laravel/framework/src/Illuminate/Database/Eloquent/Model.php(1324): Illuminate/Database/Eloquent/Model->insertAndSetId(Object(Illuminate/Database/Eloquent/Builder), Array)
#10 C:/Users/mukuk/Documents/GitHub/pif-ehub/vendor/laravel/framework/src/Illuminate/Database/Eloquent/Model.php(1163): Illuminate/Database/Eloquent/Model->performInsert(Object(Illuminate/Database/Eloquent/Builder))
#11 C:/Users/mukuk/Documents/GitHub/pif-ehub/vendor/laravel/framework/src/Illuminate/Database/Eloquent/Builder.php(1128): Illuminate/Database/Eloquent/Model->save()
#12 C:/Users/mukuk/Documents/GitHub/pif-ehub/vendor/laravel/framework/src/Illuminate/Support/helpers.php(399): Illuminate/Database/Eloquent/Builder->Illuminate/Database/Eloquent/{closure}(Object(App/Models/User))
#13 C:/Users/mukuk/Documents/GitHub/pif-ehub/vendor/laravel/framework/src/Illuminate/Database/Eloquent/Builder.php(1127): tap(Object(App/Models/User), Object(Closure))
#14 C:/Users/mukuk/Documents/GitHub/pif-ehub/vendor/laravel/framework/src/Illuminate/Support/Traits/ForwardsCalls.php(23): Illuminate/Database/Eloquent/Builder->create(Array)
#15 C:/Users/mukuk/Documents/GitHub/pif-ehub/vendor/laravel/framework/src/Illuminate/Database/Eloquent/Model.php(2372): Illuminate/Database/Eloquent/Model->forwardCallTo(Object(Illuminate/Database/Eloquent/Builder), 'create', Array)
#16 C:/Users/mukuk/Documents/GitHub/pif-ehub/vendor/laravel/framework/src/Illuminate/Database/Eloquent/Model.php(2384): Illuminate/Database/Eloquent/Model->__call('create', Array)
#17 C:/Users/mukuk/Documents/GitHub/pif-ehub/database/seeders/UserSeeder.php(17): Illuminate/Database/Eloquent/Model::__callStatic('create', Array)
#18 C:/Users/mukuk/Documents/GitHub/pif-ehub/vendor/laravel/framework/src/Illuminate/Container/BoundMethod.php(36): Database/Seeders/UserSeeder->run()
#19 C:/Users/mukuk/Documents/GitHub/pif-ehub/vendor/laravel/framework/src/Illuminate/Container/Util.php(43): Illuminate/Container/BoundMethod::Illuminate/Container/{closure}()
#20 C:/Users/mukuk/Documents/GitHub/pif-ehub/vendor/laravel/framework/src/Illuminate/Container/BoundMethod.php(95): Illuminate/Container/Util::unwrapIfClosure(Object(Closure))
#21 C:/Users/mukuk/Documents/GitHub/pif-ehub/vendor/laravel/framework/src/Illuminate/Container/BoundMethod.php(35): Illuminate/Container/BoundMethod::callBoundMethod(Object(Illuminate/Foundation/Application), Array, Object(Closure))
#22 C:/Users/mukuk/Documents/GitHub/pif-ehub/vendor/laravel/framework/src/Illuminate/Container/Container.php(696): Illuminate/Container/BoundMethod::call(Object(Illuminate/Foundation/Application), Array, Array, NULL)
#23 C:/Users/mukuk/Documents/GitHub/pif-ehub/vendor/laravel/framework/src/Illuminate/Database/Seeder.php(188): Illuminate/Container/Container->call(Array, Array)
#24 C:/Users/mukuk/Documents/GitHub/pif-ehub/vendor/laravel/framework/src/Illuminate/Database/Seeder.php(197): Illuminate/Database/Seeder->Illuminate/Database/{closure}()
#25 C:/Users/mukuk/Documents/GitHub/pif-ehub/vendor/laravel/framework/src/Illuminate/Database/Seeder.php(61): Illuminate/Database/Seeder->__invoke(Array)
#26 C:/Users/mukuk/Documents/GitHub/pif-ehub/database/seeders/DatabaseSeeder.php(14): Illuminate/Database/Seeder->call('Database//Seeder...')
#27 C:/Users/mukuk/Documents/GitHub/pif-ehub/vendor/laravel/framework/src/Illuminate/Container/BoundMethod.php(36): Database/Seeders/DatabaseSeeder->run()
#28 C:/Users/mukuk/Documents/GitHub/pif-ehub/vendor/laravel/framework/src/Illuminate/Container/Util.php(43): Illuminate/Container/BoundMethod::Illuminate/Container/{closure}()
#29 C:/Users/mukuk/Documents/GitHub/pif-ehub/vendor/laravel/framework/src/Illuminate/Container/BoundMethod.php(95): Illuminate/Container/Util::unwrapIfClosure(Object(Closure))
#30 C:/Users/mukuk/Documents/GitHub/pif-ehub/vendor/laravel/framework/src/Illuminate/Container/BoundMethod.php(35): Illuminate/Container/BoundMethod::callBoundMethod(Object(Illuminate/Foundation/Application), Array, Object(Closure))
#31 C:/Users/mukuk/Documents/GitHub/pif-ehub/vendor/laravel/framework/src/Illuminate/Container/Container.php(696): Illuminate/Container/BoundMethod::call(Object(Illuminate/Foundation/Application), Array, Array, NULL)
#32 C:/Users/mukuk/Documents/GitHub/pif-ehub/vendor/laravel/framework/src/Illuminate/Database/Seeder.php(188): Illuminate/Container/Container->call(Array, Array)
#33 C:/Users/mukuk/Documents/GitHub/pif-ehub/vendor/laravel/framework/src/Illuminate/Database/Seeder.php(197): Illuminate/Database/Seeder->Illuminate/Database/{closure}()
#34 C:/Users/mukuk/Documents/GitHub/pif-ehub/vendor/laravel/framework/src/Illuminate/Database/Console/Seeds/SeedCommand.php(70): Illuminate/Database/Seeder->__invoke()
#35 C:/Users/mukuk/Documents/GitHub/pif-ehub/vendor/laravel/framework/src/Illuminate/Database/Eloquent/Concerns/GuardsAttributes.php(155): Illuminate/Database/Console/Seeds/SeedCommand->Illuminate/Database/Console/Seeds/{closure}()
#36 C:/Users/mukuk/Documents/GitHub/pif-ehub/vendor/laravel/framework/src/Illuminate/Database/Console/Seeds/SeedCommand.php(69): Illuminate/Database/Eloquent/Model::unguarded(Object(Closure))
#37 C:/Users/mukuk/Documents/GitHub/pif-ehub/vendor/laravel/framework/src/Illuminate/Container/BoundMethod.php(36): Illuminate/Database/Console/Seeds/SeedCommand->handle()
#38 C:/Users/mukuk/Documents/GitHub/pif-ehub/vendor/laravel/framework/src/Illuminate/Container/Util.php(43): Illuminate/Container/BoundMethod::Illuminate/Container/{closure}()
#39 C:/Users/mukuk/Documents/GitHub/pif-ehub/vendor/laravel/framework/src/Illuminate/Container/BoundMethod.php(95): Illuminate/Container/Util::unwrapIfClosure(Object(Closure))
#40 C:/Users/mukuk/Documents/GitHub/pif-ehub/vendor/laravel/framework/src/Illuminate/Container/BoundMethod.php(35): Illuminate/Container/BoundMethod::callBoundMethod(Object(Illuminate/Foundation/Application), Array, Object(Closure))
#41 C:/Users/mukuk/Documents/GitHub/pif-ehub/vendor/laravel/framework/src/Illuminate/Container/Container.php(696): Illuminate/Container/BoundMethod::call(Object(Illuminate/Foundation/Application), Array, Array, NULL)
#42 C:/Users/mukuk/Documents/GitHub/pif-ehub/vendor/laravel/framework/src/Illuminate/Console/Command.php(213): Illuminate/Container/Container->call(Array)
#43 C:/Users/mukuk/Documents/GitHub/pif-ehub/vendor/symfony/console/Command/Command.php(341): Illuminate/Console/Command->execute(Object(Symfony/Component/Console/Input/ArgvInput), Object(Illuminate/Console/OutputStyle))
#44 C:/Users/mukuk/Documents/GitHub/pif-ehub/vendor/laravel/framework/src/Illuminate/Console/Command.php(182): Symfony/Component/Console/Command/Command->run(Object(Symfony/Component/Console/Input/ArgvInput), Object(Illuminate/Console/OutputStyle))
#45 C:/Users/mukuk/Documents/GitHub/pif-ehub/vendor/symfony/console/Application.php(1117): Illuminate/Console/Command->run(Object(Symfony/Component/Console/Input/ArgvInput), Object(Symfony/Component/Console/Output/ConsoleOutput))
#46 C:/Users/mukuk/Documents/GitHub/pif-ehub/vendor/symfony/console/Application.php(356): Symfony/Component/Console/Application->doRunCommand(Object(Illuminate/Database/Console/Seeds/SeedCommand), Object(Symfony/Component/Console/Input/ArgvInput), Object(Symfony/Component/Console/Output/ConsoleOutput))
#47 C:/Users/mukuk/Documents/GitHub/pif-ehub/vendor/symfony/console/Application.php(195): Symfony/Component/Console/Application->doRun(Object(Symfony/Component/Console/Input/ArgvInput), Object(Symfony/Component/Console/Output/ConsoleOutput))
#48 C:/Users/mukuk/Documents/GitHub/pif-ehub/vendor/laravel/framework/src/Illuminate/Foundation/Console/Kernel.php(198): Symfony/Component/Console/Application->run(Object(Symfony/Component/Console/Input/ArgvInput), Object(Symfony/Component/Console/Output/ConsoleOutput))
#49 C:/Users/mukuk/Documents/GitHub/pif-ehub/artisan(12): Illuminate/Foundation/Console/Kernel->handle(Object(Symfony/Component/Console/Input/ArgvInput), Object(Symfony/Component/Console/Output/ConsoleOutput))
#50 {main}
"} 
[2026-06-22 12:52:32] production.ERROR: Command "seed" is not defined.

Did you mean one of these?
    db:seed
    make:seeder {"exception":"[object] (Symfony\\Component\\Console\\Exception\\CommandNotFoundException(code: 0): Command \"seed\" is not defined.

Did you mean one of these?
    db:seed
    make:seeder at C:/Users/mukuk/Documents/GitHub/pif-ehub/vendor/symfony/console/Application.php:759)
[stacktrace]
#0 C:/Users/mukuk/Documents/GitHub/pif-ehub/vendor/symfony/console/Application.php(298): Symfony/Component/Console/Application->find('seed')
#1 C:/Users/mukuk/Documents/GitHub/pif-ehub/vendor/symfony/console/Application.php(195): Symfony/Component/Console/Application->doRun(Object(Symfony/Component/Console/Input/ArgvInput), Object(Symfony/Component/Console/Output/ConsoleOutput))
#2 C:/Users/mukuk/Documents/GitHub/pif-ehub/vendor/laravel/framework/src/Illuminate/Foundation/Console/Kernel.php(198): Symfony/Component/Console/Application->run(Object(Symfony/Component/Console/Input/ArgvInput), Object(Symfony/Component/Console/Output/ConsoleOutput))
#3 C:/Users/mukuk/Documents/GitHub/pif-ehub/artisan(12): Illuminate/Foundation/Console/Kernel->handle(Object(Symfony/Component/Console/Input/ArgvInput), Object(Symfony/Component/Console/Output/ConsoleOutput))
#4 {main}
"} 
[2026-06-22 13:14:17] production.ERROR: PHP Parse error: Syntax error, unexpected T_NS_SEPARATOR, expecting T_VARIABLE on line 1 {"exception":"[object] (Psy\\Exception\\ParseErrorException(code: 0): PHP Parse error: Syntax error, unexpected T_NS_SEPARATOR, expecting T_VARIABLE on line 1 at C:/Users/mukuk/Documents/GitHub/pif-ehub/vendor/psy/psysh/src/Exception/ParseErrorException.php:44)
[stacktrace]
#0 C:/Users/mukuk/Documents/GitHub/pif-ehub/vendor/psy/psysh/src/CodeCleaner.php(657): Psy/Exception/ParseErrorException::fromParseError(Object(PhpParser/Error))
#1 C:/Users/mukuk/Documents/GitHub/pif-ehub/vendor/psy/psysh/src/CodeCleaner.php(273): Psy/CodeCleaner->parse('<?php use App//M...', false)
#2 C:/Users/mukuk/Documents/GitHub/pif-ehub/vendor/psy/psysh/src/Shell.php(1364): Psy/CodeCleaner->clean(Array, false)
#3 C:/Users/mukuk/Documents/GitHub/pif-ehub/vendor/psy/psysh/src/Shell.php(1471): Psy/Shell->appendCode('use App//Models//...', true, false)
#4 C:/Users/mukuk/Documents/GitHub/pif-ehub/vendor/psy/psysh/src/Shell.php(2180): Psy/Shell->setCode('use App//Models//...', true)
#5 C:/Users/mukuk/Documents/GitHub/pif-ehub/vendor/laravel/tinker/src/Console/TinkerCommand.php(77): Psy/Shell->execute('use App//Models//...')
#6 C:/Users/mukuk/Documents/GitHub/pif-ehub/vendor/laravel/framework/src/Illuminate/Container/BoundMethod.php(36): Laravel/Tinker/Console/TinkerCommand->handle()
#7 C:/Users/mukuk/Documents/GitHub/pif-ehub/vendor/laravel/framework/src/Illuminate/Container/Util.php(43): Illuminate/Container/BoundMethod::Illuminate/Container/{closure}()
#8 C:/Users/mukuk/Documents/GitHub/pif-ehub/vendor/laravel/framework/src/Illuminate/Container/BoundMethod.php(95): Illuminate/Container/Util::unwrapIfClosure(Object(Closure))
#9 C:/Users/mukuk/Documents/GitHub/pif-ehub/vendor/laravel/framework/src/Illuminate/Container/BoundMethod.php(35): Illuminate/Container/BoundMethod::callBoundMethod(Object(Illuminate/Foundation/Application), Array, Object(Closure))
#10 C:/Users/mukuk/Documents/GitHub/pif-ehub/vendor/laravel/framework/src/Illuminate/Container/Container.php(696): Illuminate/Container/BoundMethod::call(Object(Illuminate/Foundation/Application), Array, Array, NULL)
#11 C:/Users/mukuk/Documents/GitHub/pif-ehub/vendor/laravel/framework/src/Illuminate/Console/Command.php(213): Illuminate/Container/Container->call(Array)
#12 C:/Users/mukuk/Documents/GitHub/pif-ehub/vendor/symfony/console/Command/Command.php(341): Illuminate/Console/Command->execute(Object(Symfony/Component/Console/Input/ArgvInput), Object(Illuminate/Console/OutputStyle))
#13 C:/Users/mukuk/Documents/GitHub/pif-ehub/vendor/laravel/framework/src/Illuminate/Console/Command.php(182): Symfony/Component/Console/Command/Command->run(Object(Symfony/Component/Console/Input/ArgvInput), Object(Illuminate/Console/OutputStyle))
#14 C:/Users/mukuk/Documents/GitHub/pif-ehub/vendor/symfony/console/Application.php(1117): Illuminate/Console/Command->run(Object(Symfony/Component/Console/Input/ArgvInput), Object(Symfony/Component/Console/Output/ConsoleOutput))
#15 C:/Users/mukuk/Documents/GitHub/pif-ehub/vendor/symfony/console/Application.php(356): Symfony/Component/Console/Application->doRunCommand(Object(Laravel/Tinker/Console/TinkerCommand), Object(Symfony/Component/Console/Input/ArgvInput), Object(Symfony/Component/Console/Output/ConsoleOutput))
#16 C:/Users/mukuk/Documents/GitHub/pif-ehub/vendor/symfony/console/Application.php(195): Symfony/Component/Console/Application->doRun(Object(Symfony/Component/Console/Input/ArgvInput), Object(Symfony/Component/Console/Output/ConsoleOutput))
#17 C:/Users/mukuk/Documents/GitHub/pif-ehub/vendor/laravel/framework/src/Illuminate/Foundation/Console/Kernel.php(198): Symfony/Component/Console/Application->run(Object(Symfony/Component/Console/Input/ArgvInput), Object(Symfony/Component/Console/Output/ConsoleOutput))
#18 C:/Users/mukuk/Documents/GitHub/pif-ehub/artisan(12): Illuminate/Foundation/Console/Kernel->handle(Object(Symfony/Component/Console/Input/ArgvInput), Object(Symfony/Component/Console/Output/ConsoleOutput))
#19 {main}
"} 
[2026-06-22 13:14:41] production.ERROR: PHP Parse error: Syntax error, unexpected T_NS_SEPARATOR, expecting T_VARIABLE on line 1 {"exception":"[object] (Psy\\Exception\\ParseErrorException(code: 0): PHP Parse error: Syntax error, unexpected T_NS_SEPARATOR, expecting T_VARIABLE on line 1 at C:/Users/mukuk/Documents/GitHub/pif-ehub/vendor/psy/psysh/src/Exception/ParseErrorException.php:44)
[stacktrace]
#0 C:/Users/mukuk/Documents/GitHub/pif-ehub/vendor/psy/psysh/src/CodeCleaner.php(657): Psy/Exception/ParseErrorException::fromParseError(Object(PhpParser/Error))
#1 C:/Users/mukuk/Documents/GitHub/pif-ehub/vendor/psy/psysh/src/CodeCleaner.php(273): Psy/CodeCleaner->parse('<?php echo App//...', false)
#2 C:/Users/mukuk/Documents/GitHub/pif-ehub/vendor/psy/psysh/src/Shell.php(1364): Psy/CodeCleaner->clean(Array, false)
#3 C:/Users/mukuk/Documents/GitHub/pif-ehub/vendor/psy/psysh/src/Shell.php(1471): Psy/Shell->appendCode('echo App//Models...', true, false)
#4 C:/Users/mukuk/Documents/GitHub/pif-ehub/vendor/psy/psysh/src/Shell.php(2180): Psy/Shell->setCode('echo App//Models...', true)
#5 C:/Users/mukuk/Documents/GitHub/pif-ehub/vendor/laravel/tinker/src/Console/TinkerCommand.php(77): Psy/Shell->execute('echo App//Models...')
#6 C:/Users/mukuk/Documents/GitHub/pif-ehub/vendor/laravel/framework/src/Illuminate/Container/BoundMethod.php(36): Laravel/Tinker/Console/TinkerCommand->handle()
#7 C:/Users/mukuk/Documents/GitHub/pif-ehub/vendor/laravel/framework/src/Illuminate/Container/Util.php(43): Illuminate/Container/BoundMethod::Illuminate/Container/{closure}()
#8 C:/Users/mukuk/Documents/GitHub/pif-ehub/vendor/laravel/framework/src/Illuminate/Container/BoundMethod.php(95): Illuminate/Container/Util::unwrapIfClosure(Object(Closure))
#9 C:/Users/mukuk/Documents/GitHub/pif-ehub/vendor/laravel/framework/src/Illuminate/Container/BoundMethod.php(35): Illuminate/Container/BoundMethod::callBoundMethod(Object(Illuminate/Foundation/Application), Array, Object(Closure))
#10 C:/Users/mukuk/Documents/GitHub/pif-ehub/vendor/laravel/framework/src/Illuminate/Container/Container.php(696): Illuminate/Container/BoundMethod::call(Object(Illuminate/Foundation/Application), Array, Array, NULL)
#11 C:/Users/mukuk/Documents/GitHub/pif-ehub/vendor/laravel/framework/src/Illuminate/Console/Command.php(213): Illuminate/Container/Container->call(Array)
#12 C:/Users/mukuk/Documents/GitHub/pif-ehub/vendor/symfony/console/Command/Command.php(341): Illuminate/Console/Command->execute(Object(Symfony/Component/Console/Input/ArgvInput), Object(Illuminate/Console/OutputStyle))
#13 C:/Users/mukuk/Documents/GitHub/pif-ehub/vendor/laravel/framework/src/Illuminate/Console/Command.php(182): Symfony/Component/Console/Command/Command->run(Object(Symfony/Component/Console/Input/ArgvInput), Object(Illuminate/Console/OutputStyle))
#14 C:/Users/mukuk/Documents/GitHub/pif-ehub/vendor/symfony/console/Application.php(1117): Illuminate/Console/Command->run(Object(Symfony/Component/Console/Input/ArgvInput), Object(Symfony/Component/Console/Output/ConsoleOutput))
#15 C:/Users/mukuk/Documents/GitHub/pif-ehub/vendor/symfony/console/Application.php(356): Symfony/Component/Console/Application->doRunCommand(Object(Laravel/Tinker/Console/TinkerCommand), Object(Symfony/Component/Console/Input/ArgvInput), Object(Symfony/Component/Console/Output/ConsoleOutput))
#16 C:/Users/mukuk/Documents/GitHub/pif-ehub/vendor/symfony/console/Application.php(195): Symfony/Component/Console/Application->doRun(Object(Symfony/Component/Console/Input/ArgvInput), Object(Symfony/Component/Console/Output/ConsoleOutput))
#17 C:/Users/mukuk/Documents/GitHub/pif-ehub/vendor/laravel/framework/src/Illuminate/Foundation/Console/Kernel.php(198): Symfony/Component/Console/Application->run(Object(Symfony/Component/Console/Input/ArgvInput), Object(Symfony/Component/Console/Output/ConsoleOutput))
#18 C:/Users/mukuk/Documents/GitHub/pif-ehub/artisan(12): Illuminate/Foundation/Console/Kernel->handle(Object(Symfony/Component/Console/Input/ArgvInput), Object(Symfony/Component/Console/Output/ConsoleOutput))
#19 {main}
"} 
[2026-06-22 13:28:19] production.ERROR: The "--compact" option does not exist. {"exception":"[object] (Symfony\\Component\\Console\\Exception\\RuntimeException(code: 0): The \"--compact\" option does not exist. at C:/Users/mukuk/Documents/GitHub/pif-ehub/vendor/symfony/console/Input/ArgvInput.php:226)
[stacktrace]
#0 C:/Users/mukuk/Documents/GitHub/pif-ehub/vendor/symfony/console/Input/ArgvInput.php(155): Symfony/Component/Console/Input/ArgvInput->addLongOption('compact', NULL)
#1 C:/Users/mukuk/Documents/GitHub/pif-ehub/vendor/symfony/console/Input/ArgvInput.php(88): Symfony/Component/Console/Input/ArgvInput->parseLongOption('--compact')
#2 C:/Users/mukuk/Documents/GitHub/pif-ehub/vendor/symfony/console/Input/ArgvInput.php(77): Symfony/Component/Console/Input/ArgvInput->parseToken('--compact', true)
#3 C:/Users/mukuk/Documents/GitHub/pif-ehub/vendor/symfony/console/Input/Input.php(53): Symfony/Component/Console/Input/ArgvInput->parse()
#4 C:/Users/mukuk/Documents/GitHub/pif-ehub/vendor/symfony/console/Command/Command.php(295): Symfony/Component/Console/Input/Input->bind(Object(Symfony/Component/Console/Input/InputDefinition))
#5 C:/Users/mukuk/Documents/GitHub/pif-ehub/vendor/laravel/framework/src/Illuminate/Console/Command.php(182): Symfony/Component/Console/Command/Command->run(Object(Symfony/Component/Console/Input/ArgvInput), Object(Illuminate/Console/OutputStyle))
#6 C:/Users/mukuk/Documents/GitHub/pif-ehub/vendor/symfony/console/Application.php(1117): Illuminate/Console/Command->run(Object(Symfony/Component/Console/Input/ArgvInput), Object(Symfony/Component/Console/Output/ConsoleOutput))
#7 C:/Users/mukuk/Documents/GitHub/pif-ehub/vendor/symfony/console/Application.php(356): Symfony/Component/Console/Application->doRunCommand(Object(Illuminate/Foundation/Console/RouteListCommand), Object(Symfony/Component/Console/Input/ArgvInput), Object(Symfony/Component/Console/Output/ConsoleOutput))
#8 C:/Users/mukuk/Documents/GitHub/pif-ehub/vendor/symfony/console/Application.php(195): Symfony/Component/Console/Application->doRun(Object(Symfony/Component/Console/Input/ArgvInput), Object(Symfony/Component/Console/Output/ConsoleOutput))
#9 C:/Users/mukuk/Documents/GitHub/pif-ehub/vendor/laravel/framework/src/Illuminate/Foundation/Console/Kernel.php(198): Symfony/Component/Console/Application->run(Object(Symfony/Component/Console/Input/ArgvInput), Object(Symfony/Component/Console/Output/ConsoleOutput))
#10 C:/Users/mukuk/Documents/GitHub/pif-ehub/artisan(12): Illuminate/Foundation/Console/Kernel->handle(Object(Symfony/Component/Console/Input/ArgvInput), Object(Symfony/Component/Console/Output/ConsoleOutput))
#11 {main}
"} 
[2026-06-22 13:29:28] production.ERROR: PHP Parse error: Syntax error, unexpected T_NS_SEPARATOR, expecting T_VARIABLE on line 1 {"exception":"[object] (Psy\\Exception\\ParseErrorException(code: 0): PHP Parse error: Syntax error, unexpected T_NS_SEPARATOR, expecting T_VARIABLE on line 1 at C:/Users/mukuk/Documents/GitHub/pif-ehub/vendor/psy/psysh/src/Exception/ParseErrorException.php:44)
[stacktrace]
#0 C:/Users/mukuk/Documents/GitHub/pif-ehub/vendor/psy/psysh/src/CodeCleaner.php(657): Psy/Exception/ParseErrorException::fromParseError(Object(PhpParser/Error))
#1 C:/Users/mukuk/Documents/GitHub/pif-ehub/vendor/psy/psysh/src/CodeCleaner.php(273): Psy/CodeCleaner->parse('<?php echo 'Use...', false)
#2 C:/Users/mukuk/Documents/GitHub/pif-ehub/vendor/psy/psysh/src/Shell.php(1364): Psy/CodeCleaner->clean(Array, false)
#3 C:/Users/mukuk/Documents/GitHub/pif-ehub/vendor/psy/psysh/src/Shell.php(1471): Psy/Shell->appendCode('echo 'Users: ' ...', true, false)
#4 C:/Users/mukuk/Documents/GitHub/pif-ehub/vendor/psy/psysh/src/Shell.php(2180): Psy/Shell->setCode('echo 'Users: ' ...', true)
#5 C:/Users/mukuk/Documents/GitHub/pif-ehub/vendor/laravel/tinker/src/Console/TinkerCommand.php(77): Psy/Shell->execute('echo 'Users: ' ...')
#6 C:/Users/mukuk/Documents/GitHub/pif-ehub/vendor/laravel/framework/src/Illuminate/Container/BoundMethod.php(36): Laravel/Tinker/Console/TinkerCommand->handle()
#7 C:/Users/mukuk/Documents/GitHub/pif-ehub/vendor/laravel/framework/src/Illuminate/Container/Util.php(43): Illuminate/Container/BoundMethod::Illuminate/Container/{closure}()
#8 C:/Users/mukuk/Documents/GitHub/pif-ehub/vendor/laravel/framework/src/Illuminate/Container/BoundMethod.php(95): Illuminate/Container/Util::unwrapIfClosure(Object(Closure))
#9 C:/Users/mukuk/Documents/GitHub/pif-ehub/vendor/laravel/framework/src/Illuminate/Container/BoundMethod.php(35): Illuminate/Container/BoundMethod::callBoundMethod(Object(Illuminate/Foundation/Application), Array, Object(Closure))
#10 C:/Users/mukuk/Documents/GitHub/pif-ehub/vendor/laravel/framework/src/Illuminate/Container/Container.php(696): Illuminate/Container/BoundMethod::call(Object(Illuminate/Foundation/Application), Array, Array, NULL)
#11 C:/Users/mukuk/Documents/GitHub/pif-ehub/vendor/laravel/framework/src/Illuminate/Console/Command.php(213): Illuminate/Container/Container->call(Array)
#12 C:/Users/mukuk/Documents/GitHub/pif-ehub/vendor/symfony/console/Command/Command.php(341): Illuminate/Console/Command->execute(Object(Symfony/Component/Console/Input/ArgvInput), Object(Illuminate/Console/OutputStyle))
#13 C:/Users/mukuk/Documents/GitHub/pif-ehub/vendor/laravel/framework/src/Illuminate/Console/Command.php(182): Symfony/Component/Console/Command/Command->run(Object(Symfony/Component/Console/Input/ArgvInput), Object(Illuminate/Console/OutputStyle))
#14 C:/Users/mukuk/Documents/GitHub/pif-ehub/vendor/symfony/console/Application.php(1117): Illuminate/Console/Command->run(Object(Symfony/Component/Console/Input/ArgvInput), Object(Symfony/Component/Console/Output/ConsoleOutput))
#15 C:/Users/mukuk/Documents/GitHub/pif-ehub/vendor/symfony/console/Application.php(356): Symfony/Component/Console/Application->doRunCommand(Object(Laravel/Tinker/Console/TinkerCommand), Object(Symfony/Component/Console/Input/ArgvInput), Object(Symfony/Component/Console/Output/ConsoleOutput))
#16 C:/Users/mukuk/Documents/GitHub/pif-ehub/vendor/symfony/console/Application.php(195): Symfony/Component/Console/Application->doRun(Object(Symfony/Component/Console/Input/ArgvInput), Object(Symfony/Component/Console/Output/ConsoleOutput))
#17 C:/Users/mukuk/Documents/GitHub/pif-ehub/vendor/laravel/framework/src/Illuminate/Foundation/Console/Kernel.php(198): Symfony/Component/Console/Application->run(Object(Symfony/Component/Console/Input/ArgvInput), Object(Symfony/Component/Console/Output/ConsoleOutput))
#18 C:/Users/mukuk/Documents/GitHub/pif-ehub/artisan(12): Illuminate/Foundation/Console/Kernel->handle(Object(Symfony/Component/Console/Input/ArgvInput), Object(Symfony/Component/Console/Output/ConsoleOutput))
#19 {main}
"} 
[2026-06-24 07:47:52] production.ERROR: PHP Parse error: Syntax error, unexpected T_NS_SEPARATOR on line 5 {"exception":"[object] (Psy\\Exception\\ParseErrorException(code: 0): PHP Parse error: Syntax error, unexpected T_NS_SEPARATOR on line 5 at C:/Users/mukuk/Documents/GitHub/pif-ehub/vendor/psy/psysh/src/Exception/ParseErrorException.php:44)
[stacktrace]
#0 C:/Users/mukuk/Documents/GitHub/pif-ehub/vendor/psy/psysh/src/CodeCleaner.php(657): Psy/Exception/ParseErrorException::fromParseError(Object(PhpParser/Error))
#1 C:/Users/mukuk/Documents/GitHub/pif-ehub/vendor/psy/psysh/src/CodeCleaner.php(273): Psy/CodeCleaner->parse('<?php /nuse App//...', false)
#2 C:/Users/mukuk/Documents/GitHub/pif-ehub/vendor/psy/psysh/src/Shell.php(1364): Psy/CodeCleaner->clean(Array, false)
#3 C:/Users/mukuk/Documents/GitHub/pif-ehub/vendor/psy/psysh/src/Shell.php(1471): Psy/Shell->appendCode('/nuse App//Models...', true, false)
#4 C:/Users/mukuk/Documents/GitHub/pif-ehub/vendor/psy/psysh/src/Shell.php(2180): Psy/Shell->setCode('/nuse App//Models...', true)
#5 C:/Users/mukuk/Documents/GitHub/pif-ehub/vendor/laravel/tinker/src/Console/TinkerCommand.php(77): Psy/Shell->execute('/nuse App//Models...')
#6 C:/Users/mukuk/Documents/GitHub/pif-ehub/vendor/laravel/framework/src/Illuminate/Container/BoundMethod.php(36): Laravel/Tinker/Console/TinkerCommand->handle()
#7 C:/Users/mukuk/Documents/GitHub/pif-ehub/vendor/laravel/framework/src/Illuminate/Container/Util.php(43): Illuminate/Container/BoundMethod::Illuminate/Container/{closure}()
#8 C:/Users/mukuk/Documents/GitHub/pif-ehub/vendor/laravel/framework/src/Illuminate/Container/BoundMethod.php(95): Illuminate/Container/Util::unwrapIfClosure(Object(Closure))
#9 C:/Users/mukuk/Documents/GitHub/pif-ehub/vendor/laravel/framework/src/Illuminate/Container/BoundMethod.php(35): Illuminate/Container/BoundMethod::callBoundMethod(Object(Illuminate/Foundation/Application), Array, Object(Closure))
#10 C:/Users/mukuk/Documents/GitHub/pif-ehub/vendor/laravel/framework/src/Illuminate/Container/Container.php(696): Illuminate/Container/BoundMethod::call(Object(Illuminate/Foundation/Application), Array, Array, NULL)
#11 C:/Users/mukuk/Documents/GitHub/pif-ehub/vendor/laravel/framework/src/Illuminate/Console/Command.php(213): Illuminate/Container/Container->call(Array)
#12 C:/Users/mukuk/Documents/GitHub/pif-ehub/vendor/symfony/console/Command/Command.php(341): Illuminate/Console/Command->execute(Object(Symfony/Component/Console/Input/ArgvInput), Object(Illuminate/Console/OutputStyle))
#13 C:/Users/mukuk/Documents/GitHub/pif-ehub/vendor/laravel/framework/src/Illuminate/Console/Command.php(182): Symfony/Component/Console/Command/Command->run(Object(Symfony/Component/Console/Input/ArgvInput), Object(Illuminate/Console/OutputStyle))
#14 C:/Users/mukuk/Documents/GitHub/pif-ehub/vendor/symfony/console/Application.php(1117): Illuminate/Console/Command->run(Object(Symfony/Component/Console/Input/ArgvInput), Object(Symfony/Component/Console/Output/ConsoleOutput))
#15 C:/Users/mukuk/Documents/GitHub/pif-ehub/vendor/symfony/console/Application.php(356): Symfony/Component/Console/Application->doRunCommand(Object(Laravel/Tinker/Console/TinkerCommand), Object(Symfony/Component/Console/Input/ArgvInput), Object(Symfony/Component/Console/Output/ConsoleOutput))
#16 C:/Users/mukuk/Documents/GitHub/pif-ehub/vendor/symfony/console/Application.php(195): Symfony/Component/Console/Application->doRun(Object(Symfony/Component/Console/Input/ArgvInput), Object(Symfony/Component/Console/Output/ConsoleOutput))
#17 C:/Users/mukuk/Documents/GitHub/pif-ehub/vendor/laravel/framework/src/Illuminate/Foundation/Console/Kernel.php(198): Symfony/Component/Console/Application->run(Object(Symfony/Component/Console/Input/ArgvInput), Object(Symfony/Component/Console/Output/ConsoleOutput))
#18 C:/Users/mukuk/Documents/GitHub/pif-ehub/artisan(12): Illuminate/Foundation/Console/Kernel->handle(Object(Symfony/Component/Console/Input/ArgvInput), Object(Symfony/Component/Console/Output/ConsoleOutput))
#19 {main}
"} 
[2026-06-24 07:48:09] production.ERROR: PHP Parse error: Syntax error, unexpected T_NS_SEPARATOR, expecting T_VARIABLE on line 1 {"exception":"[object] (Psy\\Exception\\ParseErrorException(code: 0): PHP Parse error: Syntax error, unexpected T_NS_SEPARATOR, expecting T_VARIABLE on line 1 at C:/Users/mukuk/Documents/GitHub/pif-ehub/vendor/psy/psysh/src/Exception/ParseErrorException.php:44)
[stacktrace]
#0 C:/Users/mukuk/Documents/GitHub/pif-ehub/vendor/psy/psysh/src/CodeCleaner.php(657): Psy/Exception/ParseErrorException::fromParseError(Object(PhpParser/Error))
#1 C:/Users/mukuk/Documents/GitHub/pif-ehub/vendor/psy/psysh/src/CodeCleaner.php(273): Psy/CodeCleaner->parse('<?php App//Model...', false)
#2 C:/Users/mukuk/Documents/GitHub/pif-ehub/vendor/psy/psysh/src/Shell.php(1364): Psy/CodeCleaner->clean(Array, false)
#3 C:/Users/mukuk/Documents/GitHub/pif-ehub/vendor/psy/psysh/src/Shell.php(1471): Psy/Shell->appendCode('App//Models//Pane...', true, false)
#4 C:/Users/mukuk/Documents/GitHub/pif-ehub/vendor/psy/psysh/src/Shell.php(2180): Psy/Shell->setCode('App//Models//Pane...', true)
#5 C:/Users/mukuk/Documents/GitHub/pif-ehub/vendor/laravel/tinker/src/Console/TinkerCommand.php(77): Psy/Shell->execute('App//Models//Pane...')
#6 C:/Users/mukuk/Documents/GitHub/pif-ehub/vendor/laravel/framework/src/Illuminate/Container/BoundMethod.php(36): Laravel/Tinker/Console/TinkerCommand->handle()
#7 C:/Users/mukuk/Documents/GitHub/pif-ehub/vendor/laravel/framework/src/Illuminate/Container/Util.php(43): Illuminate/Container/BoundMethod::Illuminate/Container/{closure}()
#8 C:/Users/mukuk/Documents/GitHub/pif-ehub/vendor/laravel/framework/src/Illuminate/Container/BoundMethod.php(95): Illuminate/Container/Util::unwrapIfClosure(Object(Closure))
#9 C:/Users/mukuk/Documents/GitHub/pif-ehub/vendor/laravel/framework/src/Illuminate/Container/BoundMethod.php(35): Illuminate/Container/BoundMethod::callBoundMethod(Object(Illuminate/Foundation/Application), Array, Object(Closure))
#10 C:/Users/mukuk/Documents/GitHub/pif-ehub/vendor/laravel/framework/src/Illuminate/Container/Container.php(696): Illuminate/Container/BoundMethod::call(Object(Illuminate/Foundation/Application), Array, Array, NULL)
#11 C:/Users/mukuk/Documents/GitHub/pif-ehub/vendor/laravel/framework/src/Illuminate/Console/Command.php(213): Illuminate/Container/Container->call(Array)
#12 C:/Users/mukuk/Documents/GitHub/pif-ehub/vendor/symfony/console/Command/Command.php(341): Illuminate/Console/Command->execute(Object(Symfony/Component/Console/Input/ArgvInput), Object(Illuminate/Console/OutputStyle))
#13 C:/Users/mukuk/Documents/GitHub/pif-ehub/vendor/laravel/framework/src/Illuminate/Console/Command.php(182): Symfony/Component/Console/Command/Command->run(Object(Symfony/Component/Console/Input/ArgvInput), Object(Illuminate/Console/OutputStyle))
#14 C:/Users/mukuk/Documents/GitHub/pif-ehub/vendor/symfony/console/Application.php(1117): Illuminate/Console/Command->run(Object(Symfony/Component/Console/Input/ArgvInput), Object(Symfony/Component/Console/Output/ConsoleOutput))
#15 C:/Users/mukuk/Documents/GitHub/pif-ehub/vendor/symfony/console/Application.php(356): Symfony/Component/Console/Application->doRunCommand(Object(Laravel/Tinker/Console/TinkerCommand), Object(Symfony/Component/Console/Input/ArgvInput), Object(Symfony/Component/Console/Output/ConsoleOutput))
#16 C:/Users/mukuk/Documents/GitHub/pif-ehub/vendor/symfony/console/Application.php(195): Symfony/Component/Console/Application->doRun(Object(Symfony/Component/Console/Input/ArgvInput), Object(Symfony/Component/Console/Output/ConsoleOutput))
#17 C:/Users/mukuk/Documents/GitHub/pif-ehub/vendor/laravel/framework/src/Illuminate/Foundation/Console/Kernel.php(198): Symfony/Component/Console/Application->run(Object(Symfony/Component/Console/Input/ArgvInput), Object(Symfony/Component/Console/Output/ConsoleOutput))
#18 C:/Users/mukuk/Documents/GitHub/pif-ehub/artisan(12): Illuminate/Foundation/Console/Kernel->handle(Object(Symfony/Component/Console/Input/ArgvInput), Object(Symfony/Component/Console/Output/ConsoleOutput))
#19 {main}
"} 
[2026-06-24 07:51:18] production.ERROR: PHP Parse error: Syntax error, unexpected T_NS_SEPARATOR on line 2 {"exception":"[object] (Psy\\Exception\\ParseErrorException(code: 0): PHP Parse error: Syntax error, unexpected T_NS_SEPARATOR on line 2 at C:/Users/mukuk/Documents/GitHub/pif-ehub/vendor/psy/psysh/src/Exception/ParseErrorException.php:44)
[stacktrace]
#0 C:/Users/mukuk/Documents/GitHub/pif-ehub/vendor/psy/psysh/src/CodeCleaner.php(657): Psy/Exception/ParseErrorException::fromParseError(Object(PhpParser/Error))
#1 C:/Users/mukuk/Documents/GitHub/pif-ehub/vendor/psy/psysh/src/CodeCleaner.php(273): Psy/CodeCleaner->parse('<?php /n// = DB::...', false)
#2 C:/Users/mukuk/Documents/GitHub/pif-ehub/vendor/psy/psysh/src/Shell.php(1364): Psy/CodeCleaner->clean(Array, false)
#3 C:/Users/mukuk/Documents/GitHub/pif-ehub/vendor/psy/psysh/src/Shell.php(1471): Psy/Shell->appendCode('/n// = DB::select...', true, false)
#4 C:/Users/mukuk/Documents/GitHub/pif-ehub/vendor/psy/psysh/src/Shell.php(2180): Psy/Shell->setCode('/n// = DB::select...', true)
#5 C:/Users/mukuk/Documents/GitHub/pif-ehub/vendor/laravel/tinker/src/Console/TinkerCommand.php(77): Psy/Shell->execute('/n// = DB::select...')
#6 C:/Users/mukuk/Documents/GitHub/pif-ehub/vendor/laravel/framework/src/Illuminate/Container/BoundMethod.php(36): Laravel/Tinker/Console/TinkerCommand->handle()
#7 C:/Users/mukuk/Documents/GitHub/pif-ehub/vendor/laravel/framework/src/Illuminate/Container/Util.php(43): Illuminate/Container/BoundMethod::Illuminate/Container/{closure}()
#8 C:/Users/mukuk/Documents/GitHub/pif-ehub/vendor/laravel/framework/src/Illuminate/Container/BoundMethod.php(95): Illuminate/Container/Util::unwrapIfClosure(Object(Closure))
#9 C:/Users/mukuk/Documents/GitHub/pif-ehub/vendor/laravel/framework/src/Illuminate/Container/BoundMethod.php(35): Illuminate/Container/BoundMethod::callBoundMethod(Object(Illuminate/Foundation/Application), Array, Object(Closure))
#10 C:/Users/mukuk/Documents/GitHub/pif-ehub/vendor/laravel/framework/src/Illuminate/Container/Container.php(696): Illuminate/Container/BoundMethod::call(Object(Illuminate/Foundation/Application), Array, Array, NULL)
#11 C:/Users/mukuk/Documents/GitHub/pif-ehub/vendor/laravel/framework/src/Illuminate/Console/Command.php(213): Illuminate/Container/Container->call(Array)
#12 C:/Users/mukuk/Documents/GitHub/pif-ehub/vendor/symfony/console/Command/Command.php(341): Illuminate/Console/Command->execute(Object(Symfony/Component/Console/Input/ArgvInput), Object(Illuminate/Console/OutputStyle))
#13 C:/Users/mukuk/Documents/GitHub/pif-ehub/vendor/laravel/framework/src/Illuminate/Console/Command.php(182): Symfony/Component/Console/Command/Command->run(Object(Symfony/Component/Console/Input/ArgvInput), Object(Illuminate/Console/OutputStyle))
#14 C:/Users/mukuk/Documents/GitHub/pif-ehub/vendor/symfony/console/Application.php(1117): Illuminate/Console/Command->run(Object(Symfony/Component/Console/Input/ArgvInput), Object(Symfony/Component/Console/Output/ConsoleOutput))
#15 C:/Users/mukuk/Documents/GitHub/pif-ehub/vendor/symfony/console/Application.php(356): Symfony/Component/Console/Application->doRunCommand(Object(Laravel/Tinker/Console/TinkerCommand), Object(Symfony/Component/Console/Input/ArgvInput), Object(Symfony/Component/Console/Output/ConsoleOutput))
#16 C:/Users/mukuk/Documents/GitHub/pif-ehub/vendor/symfony/console/Application.php(195): Symfony/Component/Console/Application->doRun(Object(Symfony/Component/Console/Input/ArgvInput), Object(Symfony/Component/Console/Output/ConsoleOutput))
#17 C:/Users/mukuk/Documents/GitHub/pif-ehub/vendor/laravel/framework/src/Illuminate/Foundation/Console/Kernel.php(198): Symfony/Component/Console/Application->run(Object(Symfony/Component/Console/Input/ArgvInput), Object(Symfony/Component/Console/Output/ConsoleOutput))
#18 C:/Users/mukuk/Documents/GitHub/pif-ehub/artisan(12): Illuminate/Foundation/Console/Kernel->handle(Object(Symfony/Component/Console/Input/ArgvInput), Object(Symfony/Component/Console/Output/ConsoleOutput))
#19 {main}
"} 
[2026-06-24 09:34:41] production.ERROR: Undefined variable $panelists {"exception":"[object] (ErrorException(code: 0): Undefined variable $panelists at C:/Users/mukuk/Documents/GitHub/pif-ehub/check_db.php:32)
[stacktrace]
#0 C:/Users/mukuk/Documents/GitHub/pif-ehub/vendor/laravel/framework/src/Illuminate/Foundation/Bootstrap/HandleExceptions.php(258): Illuminate/Foundation/Bootstrap/HandleExceptions->handleError(2, 'Undefined varia...', 'C://Users//mukuk//...', 32)
#1 C:/Users/mukuk/Documents/GitHub/pif-ehub/check_db.php(32): Illuminate/Foundation/Bootstrap/HandleExceptions->Illuminate/Foundation/Bootstrap/{closure}(2, 'Undefined varia...', 'C://Users//mukuk//...', 32)
#2 {main}
"} 
[2026-06-24 10:04:22] production.ERROR: PHP Parse error: Syntax error, unexpected T_NS_SEPARATOR on line 6 {"exception":"[object] (Psy\\Exception\\ParseErrorException(code: 0): PHP Parse error: Syntax error, unexpected T_NS_SEPARATOR on line 6 at C:/Users/mukuk/Documents/GitHub/pif-ehub/vendor/psy/psysh/src/Exception/ParseErrorException.php:44)
[stacktrace]
#0 C:/Users/mukuk/Documents/GitHub/pif-ehub/vendor/psy/psysh/src/CodeCleaner.php(657): Psy/Exception/ParseErrorException::fromParseError(Object(PhpParser/Error))
#1 C:/Users/mukuk/Documents/GitHub/pif-ehub/vendor/psy/psysh/src/CodeCleaner.php(273): Psy/CodeCleaner->parse('<?php /nuse App//...', false)
#2 C:/Users/mukuk/Documents/GitHub/pif-ehub/vendor/psy/psysh/src/Shell.php(1364): Psy/CodeCleaner->clean(Array, false)
#3 C:/Users/mukuk/Documents/GitHub/pif-ehub/vendor/psy/psysh/src/Shell.php(1471): Psy/Shell->appendCode('/nuse App//Models...', true, false)
#4 C:/Users/mukuk/Documents/GitHub/pif-ehub/vendor/psy/psysh/src/Shell.php(2180): Psy/Shell->setCode('/nuse App//Models...', true)
#5 C:/Users/mukuk/Documents/GitHub/pif-ehub/vendor/laravel/tinker/src/Console/TinkerCommand.php(77): Psy/Shell->execute('/nuse App//Models...')
#6 C:/Users/mukuk/Documents/GitHub/pif-ehub/vendor/laravel/framework/src/Illuminate/Container/BoundMethod.php(36): Laravel/Tinker/Console/TinkerCommand->handle()
#7 C:/Users/mukuk/Documents/GitHub/pif-ehub/vendor/laravel/framework/src/Illuminate/Container/Util.php(43): Illuminate/Container/BoundMethod::Illuminate/Container/{closure}()
#8 C:/Users/mukuk/Documents/GitHub/pif-ehub/vendor/laravel/framework/src/Illuminate/Container/BoundMethod.php(95): Illuminate/Container/Util::unwrapIfClosure(Object(Closure))
#9 C:/Users/mukuk/Documents/GitHub/pif-ehub/vendor/laravel/framework/src/Illuminate/Container/BoundMethod.php(35): Illuminate/Container/BoundMethod::callBoundMethod(Object(Illuminate/Foundation/Application), Array, Object(Closure))
#10 C:/Users/mukuk/Documents/GitHub/pif-ehub/vendor/laravel/framework/src/Illuminate/Container/Container.php(696): Illuminate/Container/BoundMethod::call(Object(Illuminate/Foundation/Application), Array, Array, NULL)
#11 C:/Users/mukuk/Documents/GitHub/pif-ehub/vendor/laravel/framework/src/Illuminate/Console/Command.php(213): Illuminate/Container/Container->call(Array)
#12 C:/Users/mukuk/Documents/GitHub/pif-ehub/vendor/symfony/console/Command/Command.php(341): Illuminate/Console/Command->execute(Object(Symfony/Component/Console/Input/ArgvInput), Object(Illuminate/Console/OutputStyle))
#13 C:/Users/mukuk/Documents/GitHub/pif-ehub/vendor/laravel/framework/src/Illuminate/Console/Command.php(182): Symfony/Component/Console/Command/Command->run(Object(Symfony/Component/Console/Input/ArgvInput), Object(Illuminate/Console/OutputStyle))
#14 C:/Users/mukuk/Documents/GitHub/pif-ehub/vendor/symfony/console/Application.php(1117): Illuminate/Console/Command->run(Object(Symfony/Component/Console/Input/ArgvInput), Object(Symfony/Component/Console/Output/ConsoleOutput))
#15 C:/Users/mukuk/Documents/GitHub/pif-ehub/vendor/symfony/console/Application.php(356): Symfony/Component/Console/Application->doRunCommand(Object(Laravel/Tinker/Console/TinkerCommand), Object(Symfony/Component/Console/Input/ArgvInput), Object(Symfony/Component/Console/Output/ConsoleOutput))
#16 C:/Users/mukuk/Documents/GitHub/pif-ehub/vendor/symfony/console/Application.php(195): Symfony/Component/Console/Application->doRun(Object(Symfony/Component/Console/Input/ArgvInput), Object(Symfony/Component/Console/Output/ConsoleOutput))
#17 C:/Users/mukuk/Documents/GitHub/pif-ehub/vendor/laravel/framework/src/Illuminate/Foundation/Console/Kernel.php(198): Symfony/Component/Console/Application->run(Object(Symfony/Component/Console/Input/ArgvInput), Object(Symfony/Component/Console/Output/ConsoleOutput))
#18 C:/Users/mukuk/Documents/GitHub/pif-ehub/artisan(12): Illuminate/Foundation/Console/Kernel->handle(Object(Symfony/Component/Console/Input/ArgvInput), Object(Symfony/Component/Console/Output/ConsoleOutput))
#19 {main}
"} 
[2026-07-28 13:30:40] production.ERROR: Class "App\Providers\ServiceProvider" not found {"exception":"[object] (Error(code: 0): Class \"App\\Providers\\ServiceProvider\" not found at C:/Users/mukuk/Documents/GitHub/pif-ehub/app/Providers/AppServiceProvider.php:7)
[stacktrace]
#0 C:/Users/mukuk/Documents/GitHub/pif-ehub/vendor/composer/ClassLoader.php(576): include()
#1 C:/Users/mukuk/Documents/GitHub/pif-ehub/vendor/composer/ClassLoader.php(427): Composer/Autoload/{closure}('C://Users//mukuk//...')
#2 [internal function]: Composer/Autoload/ClassLoader->loadClass('App//Providers//A...')
#3 C:/Users/mukuk/Documents/GitHub/pif-ehub/vendor/laravel/framework/src/Illuminate/Foundation/Bootstrap/RegisterProviders.php(52): class_exists('App//Providers//A...')
#4 C:/Users/mukuk/Documents/GitHub/pif-ehub/vendor/laravel/framework/src/Illuminate/Foundation/Bootstrap/RegisterProviders.php(34): Illuminate/Foundation/Bootstrap/RegisterProviders->mergeAdditionalProviders(Object(Illuminate/Foundation/Application))
#5 C:/Users/mukuk/Documents/GitHub/pif-ehub/vendor/laravel/framework/src/Illuminate/Foundation/Application.php(342): Illuminate/Foundation/Bootstrap/RegisterProviders->bootstrap(Object(Illuminate/Foundation/Application))
#6 C:/Users/mukuk/Documents/GitHub/pif-ehub/vendor/laravel/framework/src/Illuminate/Foundation/Console/Kernel.php(474): Illuminate/Foundation/Application->bootstrapWith(Array)
#7 C:/Users/mukuk/Documents/GitHub/pif-ehub/vendor/laravel/framework/src/Illuminate/Foundation/Console/Kernel.php(196): Illuminate/Foundation/Console/Kernel->bootstrap()
#8 C:/Users/mukuk/Documents/GitHub/pif-ehub/artisan(12): Illuminate/Foundation/Console/Kernel->handle(Object(Symfony/Component/Console/Input/ArgvInput), Object(Symfony/Component/Console/Output/ConsoleOutput))
#9 {main}
"} 
[2026-09-17 08:08:56] production.ERROR: Unexpected end of input {"exception":"[object] (InvalidArgumentException(code: 0): Unexpected end of input at C:/Users/mukuk/Documents/GitHub/pif-ehub/vendor/psy/psysh/src/Shell.php:1481)
[stacktrace]
#0 C:/Users/mukuk/Documents/GitHub/pif-ehub/vendor/psy/psysh/src/Shell.php(2180): Psy/Shell->setCode('foreach(//App//Mo...', true)
#1 C:/Users/mukuk/Documents/GitHub/pif-ehub/vendor/laravel/tinker/src/Console/TinkerCommand.php(77): Psy/Shell->execute('foreach(//App//Mo...')
#2 C:/Users/mukuk/Documents/GitHub/pif-ehub/vendor/laravel/framework/src/Illuminate/Container/BoundMethod.php(36): Laravel/Tinker/Console/TinkerCommand->handle()
#3 C:/Users/mukuk/Documents/GitHub/pif-ehub/vendor/laravel/framework/src/Illuminate/Container/Util.php(43): Illuminate/Container/BoundMethod::{closure:Illuminate/Container/BoundMethod::call():35}()
#4 C:/Users/mukuk/Documents/GitHub/pif-ehub/vendor/laravel/framework/src/Illuminate/Container/BoundMethod.php(95): Illuminate/Container/Util::unwrapIfClosure(Object(Closure))
#5 C:/Users/mukuk/Documents/GitHub/pif-ehub/vendor/laravel/framework/src/Illuminate/Container/BoundMethod.php(35): Illuminate/Container/BoundMethod::callBoundMethod(Object(Illuminate/Foundation/Application), Array, Object(Closure))
#6 C:/Users/mukuk/Documents/GitHub/pif-ehub/vendor/laravel/framework/src/Illuminate/Container/Container.php(696): Illuminate/Container/BoundMethod::call(Object(Illuminate/Foundation/Application), Array, Array, NULL)
#7 C:/Users/mukuk/Documents/GitHub/pif-ehub/vendor/laravel/framework/src/Illuminate/Console/Command.php(213): Illuminate/Container/Container->call(Array)
#8 C:/Users/mukuk/Documents/GitHub/pif-ehub/vendor/symfony/console/Command/Command.php(341): Illuminate/Console/Command->execute(Object(Symfony/Component/Console/Input/ArgvInput), Object(Illuminate/Console/OutputStyle))
#9 C:/Users/mukuk/Documents/GitHub/pif-ehub/vendor/laravel/framework/src/Illuminate/Console/Command.php(182): Symfony/Component/Console/Command/Command->run(Object(Symfony/Component/Console/Input/ArgvInput), Object(Illuminate/Console/OutputStyle))
#10 C:/Users/mukuk/Documents/GitHub/pif-ehub/vendor/symfony/console/Application.php(1117): Illuminate/Console/Command->run(Object(Symfony/Component/Console/Input/ArgvInput), Object(Symfony/Component/Console/Output/ConsoleOutput))
#11 C:/Users/mukuk/Documents/GitHub/pif-ehub/vendor/symfony/console/Application.php(356): Symfony/Component/Console/Application->doRunCommand(Object(Laravel/Tinker/Console/TinkerCommand), Object(Symfony/Component/Console/Input/ArgvInput), Object(Symfony/Component/Console/Output/ConsoleOutput))
#12 C:/Users/mukuk/Documents/GitHub/pif-ehub/vendor/symfony/console/Application.php(195): Symfony/Component/Console/Application->doRun(Object(Symfony/Component/Console/Input/ArgvInput), Object(Symfony/Component/Console/Output/ConsoleOutput))
#13 C:/Users/mukuk/Documents/GitHub/pif-ehub/vendor/laravel/framework/src/Illuminate/Foundation/Console/Kernel.php(198): Symfony/Component/Console/Application->run(Object(Symfony/Component/Console/Input/ArgvInput), Object(Symfony/Component/Console/Output/ConsoleOutput))
#14 C:/Users/mukuk/Documents/GitHub/pif-ehub/artisan(12): Illuminate/Foundation/Console/Kernel->handle(Object(Symfony/Component/Console/Input/ArgvInput), Object(Symfony/Component/Console/Output/ConsoleOutput))
#15 {main}
"} 
[2026-09-17 08:11:25] production.ERROR: Command "test" is not defined.

Did you mean one of these?
    make:test
    schedule:test {"exception":"[object] (Symfony\\Component\\Console\\Exception\\CommandNotFoundException(code: 0): Command \"test\" is not defined.

Did you mean one of these?
    make:test
    schedule:test at C:/Users/mukuk/Documents/GitHub/pif-ehub/vendor/symfony/console/Application.php:759)
[stacktrace]
#0 C:/Users/mukuk/Documents/GitHub/pif-ehub/vendor/symfony/console/Application.php(298): Symfony/Component/Console/Application->find('test')
#1 C:/Users/mukuk/Documents/GitHub/pif-ehub/vendor/symfony/console/Application.php(195): Symfony/Component/Console/Application->doRun(Object(Symfony/Component/Console/Input/ArgvInput), Object(Symfony/Component/Console/Output/ConsoleOutput))
#2 C:/Users/mukuk/Documents/GitHub/pif-ehub/vendor/laravel/framework/src/Illuminate/Foundation/Console/Kernel.php(198): Symfony/Component/Console/Application->run(Object(Symfony/Component/Console/Input/ArgvInput), Object(Symfony/Component/Console/Output/ConsoleOutput))
#3 C:/Users/mukuk/Documents/GitHub/pif-ehub/artisan(12): Illuminate/Foundation/Console/Kernel->handle(Object(Symfony/Component/Console/Input/ArgvInput), Object(Symfony/Component/Console/Output/ConsoleOutput))
#4 {main}
"} 
[2026-09-17 08:20:41] production.ERROR: Class "App\Http\Controllers\PanelScore" not found {"exception":"[object] (Error(code: 0): Class \"App\\Http\\Controllers\\PanelScore\" not found at C:/Users/mukuk/Documents/GitHub/pif-ehub/app/Http/Controllers/AdminController.php:173)
[stacktrace]
#0 C:/Users/mukuk/Documents/GitHub/pif-ehub/vendor/laravel/framework/src/Illuminate/Routing/ControllerDispatcher.php(47): App/Http/Controllers/AdminController->dashboard(Object(Illuminate/Http/Request))
#1 C:/Users/mukuk/Documents/GitHub/pif-ehub/vendor/laravel/framework/src/Illuminate/Routing/Route.php(266): Illuminate/Routing/ControllerDispatcher->dispatch(Object(Illuminate/Routing/Route), Object(App/Http/Controllers/AdminController), 'dashboard')
#2 C:/Users/mukuk/Documents/GitHub/pif-ehub/vendor/laravel/framework/src/Illuminate/Routing/Route.php(212): Illuminate/Routing/Route->runController()
#3 C:/Users/mukuk/Documents/GitHub/pif-ehub/vendor/laravel/framework/src/Illuminate/Routing/Router.php(808): Illuminate/Routing/Route->run()
#4 C:/Users/mukuk/Documents/GitHub/pif-ehub/vendor/laravel/framework/src/Illuminate/Pipeline/Pipeline.php(170): Illuminate/Routing/Router->{closure:Illuminate/Routing/Router::runRouteWithinStack():807}(Object(Illuminate/Http/Request))
#5 C:/Users/mukuk/Documents/GitHub/pif-ehub/app/Http/Middleware/Authenticate.php(36): Illuminate/Pipeline/Pipeline->{closure:Illuminate/Pipeline/Pipeline::prepareDestination():168}(Object(Illuminate/Http/Request))
#6 C:/Users/mukuk/Documents/GitHub/pif-ehub/vendor/laravel/framework/src/Illuminate/Pipeline/Pipeline.php(209): App/Http/Middleware/Authenticate->handle(Object(Illuminate/Http/Request), Object(Closure))
#7 C:/Users/mukuk/Documents/GitHub/pif-ehub/vendor/laravel/framework/src/Illuminate/Routing/Middleware/SubstituteBindings.php(51): Illuminate/Pipeline/Pipeline->{closure:{closure:Illuminate/Pipeline/Pipeline::carry():184}:185}(Object(Illuminate/Http/Request))
#8 C:/Users/mukuk/Documents/GitHub/pif-ehub/vendor/laravel/framework/src/Illuminate/Pipeline/Pipeline.php(209): Illuminate/Routing/Middleware/SubstituteBindings->handle(Object(Illuminate/Http/Request), Object(Closure))
#9 C:/Users/mukuk/Documents/GitHub/pif-ehub/vendor/laravel/framework/src/Illuminate/Foundation/Http/Middleware/VerifyCsrfToken.php(88): Illuminate/Pipeline/Pipeline->{closure:{closure:Illuminate/Pipeline/Pipeline::carry():184}:185}(Object(Illuminate/Http/Request))
#10 C:/Users/mukuk/Documents/GitHub/pif-ehub/vendor/laravel/framework/src/Illuminate/Pipeline/Pipeline.php(209): Illuminate/Foundation/Http/Middleware/VerifyCsrfToken->handle(Object(Illuminate/Http/Request), Object(Closure))
#11 C:/Users/mukuk/Documents/GitHub/pif-ehub/vendor/laravel/framework/src/Illuminate/View/Middleware/ShareErrorsFromSession.php(49): Illuminate/Pipeline/Pipeline->{closure:{closure:Illuminate/Pipeline/Pipeline::carry():184}:185}(Object(Illuminate/Http/Request))
#12 C:/Users/mukuk/Documents/GitHub/pif-ehub/vendor/laravel/framework/src/Illuminate/Pipeline/Pipeline.php(209): Illuminate/View/Middleware/ShareErrorsFromSession->handle(Object(Illuminate/Http/Request), Object(Closure))
#13 C:/Users/mukuk/Documents/GitHub/pif-ehub/vendor/laravel/framework/src/Illuminate/Session/Middleware/StartSession.php(121): Illuminate/Pipeline/Pipeline->{closure:{closure:Illuminate/Pipeline/Pipeline::carry():184}:185}(Object(Illuminate/Http/Request))
#14 C:/Users/mukuk/Documents/GitHub/pif-ehub/vendor/laravel/framework/src/Illuminate/Session/Middleware/StartSession.php(64): Illuminate/Session/Middleware/StartSession->handleStatefulRequest(Object(Illuminate/Http/Request), Object(Illuminate/Session/Store), Object(Closure))
#15 C:/Users/mukuk/Documents/GitHub/pif-ehub/vendor/laravel/framework/src/Illuminate/Pipeline/Pipeline.php(209): Illuminate/Session/Middleware/StartSession->handle(Object(Illuminate/Http/Request), Object(Closure))
#16 C:/Users/mukuk/Documents/GitHub/pif-ehub/vendor/laravel/framework/src/Illuminate/Cookie/Middleware/AddQueuedCookiesToResponse.php(37): Illuminate/Pipeline/Pipeline->{closure:{closure:Illuminate/Pipeline/Pipeline::carry():184}:185}(Object(Illuminate/Http/Request))
#17 C:/Users/mukuk/Documents/GitHub/pif-ehub/vendor/laravel/framework/src/Illuminate/Pipeline/Pipeline.php(209): Illuminate/Cookie/Middleware/AddQueuedCookiesToResponse->handle(Object(Illuminate/Http/Request), Object(Closure))
#18 C:/Users/mukuk/Documents/GitHub/pif-ehub/vendor/laravel/framework/src/Illuminate/Cookie/Middleware/EncryptCookies.php(75): Illuminate/Pipeline/Pipeline->{closure:{closure:Illuminate/Pipeline/Pipeline::carry():184}:185}(Object(Illuminate/Http/Request))
#19 C:/Users/mukuk/Documents/GitHub/pif-ehub/vendor/laravel/framework/src/Illuminate/Pipeline/Pipeline.php(209): Illuminate/Cookie/Middleware/EncryptCookies->handle(Object(Illuminate/Http/Request), Object(Closure))
#20 C:/Users/mukuk/Documents/GitHub/pif-ehub/vendor/laravel/framework/src/Illuminate/Pipeline/Pipeline.php(127): Illuminate/Pipeline/Pipeline->{closure:{closure:Illuminate/Pipeline/Pipeline::carry():184}:185}(Object(Illuminate/Http/Request))
#21 C:/Users/mukuk/Documents/GitHub/pif-ehub/vendor/laravel/framework/src/Illuminate/Routing/Router.php(807): Illuminate/Pipeline/Pipeline->then(Object(Closure))
#22 C:/Users/mukuk/Documents/GitHub/pif-ehub/vendor/laravel/framework/src/Illuminate/Routing/Router.php(786): Illuminate/Routing/Router->runRouteWithinStack(Object(Illuminate/Routing/Route), Object(Illuminate/Http/Request))
#23 C:/Users/mukuk/Documents/GitHub/pif-ehub/vendor/laravel/framework/src/Illuminate/Routing/Router.php(750): Illuminate/Routing/Router->runRoute(Object(Illuminate/Http/Request), Object(Illuminate/Routing/Route))
#24 C:/Users/mukuk/Documents/GitHub/pif-ehub/vendor/laravel/framework/src/Illuminate/Routing/Router.php(739): Illuminate/Routing/Router->dispatchToRoute(Object(Illuminate/Http/Request))
#25 C:/Users/mukuk/Documents/GitHub/pif-ehub/vendor/laravel/framework/src/Illuminate/Foundation/Http/Kernel.php(201): Illuminate/Routing/Router->dispatch(Object(Illuminate/Http/Request))
#26 C:/Users/mukuk/Documents/GitHub/pif-ehub/vendor/laravel/framework/src/Illuminate/Pipeline/Pipeline.php(170): Illuminate/Foundation/Http/Kernel->{closure:Illuminate/Foundation/Http/Kernel::dispatchToRouter():198}(Object(Illuminate/Http/Request))
#27 C:/Users/mukuk/Documents/GitHub/pif-ehub/vendor/laravel/framework/src/Illuminate/Foundation/Http/Middleware/TransformsRequest.php(21): Illuminate/Pipeline/Pipeline->{closure:Illuminate/Pipeline/Pipeline::prepareDestination():168}(Object(Illuminate/Http/Request))
#28 C:/Users/mukuk/Documents/GitHub/pif-ehub/vendor/laravel/framework/src/Illuminate/Foundation/Http/Middleware/ConvertEmptyStringsToNull.php(31): Illuminate/Foundation/Http/Middleware/TransformsRequest->handle(Object(Illuminate/Http/Request), Object(Closure))
#29 C:/Users/mukuk/Documents/GitHub/pif-ehub/vendor/laravel/framework/src/Illuminate/Pipeline/Pipeline.php(209): Illuminate/Foundation/Http/Middleware/ConvertEmptyStringsToNull->handle(Object(Illuminate/Http/Request), Object(Closure))
#30 C:/Users/mukuk/Documents/GitHub/pif-ehub/vendor/laravel/framework/src/Illuminate/Foundation/Http/Middleware/TransformsRequest.php(21): Illuminate/Pipeline/Pipeline->{closure:{closure:Illuminate/Pipeline/Pipeline::carry():184}:185}(Object(Illuminate/Http/Request))
#31 C:/Users/mukuk/Documents/GitHub/pif-ehub/vendor/laravel/framework/src/Illuminate/Foundation/Http/Middleware/TrimStrings.php(51): Illuminate/Foundation/Http/Middleware/TransformsRequest->handle(Object(Illuminate/Http/Request), Object(Closure))
#32 C:/Users/mukuk/Documents/GitHub/pif-ehub/vendor/laravel/framework/src/Illuminate/Pipeline/Pipeline.php(209): Illuminate/Foundation/Http/Middleware/TrimStrings->handle(Object(Illuminate/Http/Request), Object(Closure))
#33 C:/Users/mukuk/Documents/GitHub/pif-ehub/vendor/laravel/framework/src/Illuminate/Http/Middleware/ValidatePostSize.php(27): Illuminate/Pipeline/Pipeline->{closure:{closure:Illuminate/Pipeline/Pipeline::carry():184}:185}(Object(Illuminate/Http/Request))
#34 C:/Users/mukuk/Documents/GitHub/pif-ehub/vendor/laravel/framework/src/Illuminate/Pipeline/Pipeline.php(209): Illuminate/Http/Middleware/ValidatePostSize->handle(Object(Illuminate/Http/Request), Object(Closure))
#35 C:/Users/mukuk/Documents/GitHub/pif-ehub/vendor/laravel/framework/src/Illuminate/Foundation/Http/Middleware/PreventRequestsDuringMaintenance.php(110): Illuminate/Pipeline/Pipeline->{closure:{closure:Illuminate/Pipeline/Pipeline::carry():184}:185}(Object(Illuminate/Http/Request))
#36 C:/Users/mukuk/Documents/GitHub/pif-ehub/vendor/laravel/framework/src/Illuminate/Pipeline/Pipeline.php(209): Illuminate/Foundation/Http/Middleware/PreventRequestsDuringMaintenance->handle(Object(Illuminate/Http/Request), Object(Closure))
#37 C:/Users/mukuk/Documents/GitHub/pif-ehub/vendor/laravel/framework/src/Illuminate/Http/Middleware/HandleCors.php(49): Illuminate/Pipeline/Pipeline->{closure:{closure:Illuminate/Pipeline/Pipeline::carry():184}:185}(Object(Illuminate/Http/Request))
#38 C:/Users/mukuk/Documents/GitHub/pif-ehub/vendor/laravel/framework/src/Illuminate/Pipeline/Pipeline.php(209): Illuminate/Http/Middleware/HandleCors->handle(Object(Illuminate/Http/Request), Object(Closure))
#39 C:/Users/mukuk/Documents/GitHub/pif-ehub/vendor/laravel/framework/src/Illuminate/Http/Middleware/TrustProxies.php(58): Illuminate/Pipeline/Pipeline->{closure:{closure:Illuminate/Pipeline/Pipeline::carry():184}:185}(Object(Illuminate/Http/Request))
#40 C:/Users/mukuk/Documents/GitHub/pif-ehub/vendor/laravel/framework/src/Illuminate/Pipeline/Pipeline.php(209): Illuminate/Http/Middleware/TrustProxies->handle(Object(Illuminate/Http/Request), Object(Closure))
#41 C:/Users/mukuk/Documents/GitHub/pif-ehub/vendor/laravel/framework/src/Illuminate/Foundation/Http/Middleware/InvokeDeferredCallbacks.php(22): Illuminate/Pipeline/Pipeline->{closure:{closure:Illuminate/Pipeline/Pipeline::carry():184}:185}(Object(Illuminate/Http/Request))
#42 C:/Users/mukuk/Documents/GitHub/pif-ehub/vendor/laravel/framework/src/Illuminate/Pipeline/Pipeline.php(209): Illuminate/Foundation/Http/Middleware/InvokeDeferredCallbacks->handle(Object(Illuminate/Http/Request), Object(Closure))
#43 C:/Users/mukuk/Documents/GitHub/pif-ehub/vendor/laravel/framework/src/Illuminate/Pipeline/Pipeline.php(127): Illuminate/Pipeline/Pipeline->{closure:{closure:Illuminate/Pipeline/Pipeline::carry():184}:185}(Object(Illuminate/Http/Request))
#44 C:/Users/mukuk/Documents/GitHub/pif-ehub/vendor/laravel/framework/src/Illuminate/Foundation/Http/Kernel.php(176): Illuminate/Pipeline/Pipeline->then(Object(Closure))
#45 C:/Users/mukuk/Documents/GitHub/pif-ehub/vendor/laravel/framework/src/Illuminate/Foundation/Http/Kernel.php(145): Illuminate/Foundation/Http/Kernel->sendRequestThroughRouter(Object(Illuminate/Http/Request))
#46 C:/Users/mukuk/Documents/GitHub/pif-ehub/vendor/laravel/framework/src/Illuminate/Foundation/Application.php(1220): Illuminate/Foundation/Http/Kernel->handle(Object(Illuminate/Http/Request))
#47 C:/Users/mukuk/Documents/GitHub/pif-ehub/public/index.php(17): Illuminate/Foundation/Application->handleRequest(Object(Illuminate/Http/Request))
#48 C:/Users/mukuk/Documents/GitHub/pif-ehub/vendor/laravel/framework/src/Illuminate/Foundation/resources/server.php(23): require_once('C://Users//mukuk//...')
#49 {main}
"} 
[2026-09-17 08:22:18] production.ERROR: Class "App\Http\Controllers\PanelScore" not found {"exception":"[object] (Error(code: 0): Class \"App\\Http\\Controllers\\PanelScore\" not found at C:/Users/mukuk/Documents/GitHub/pif-ehub/app/Http/Controllers/AdminController.php:173)
[stacktrace]
#0 C:/Users/mukuk/Documents/GitHub/pif-ehub/vendor/laravel/framework/src/Illuminate/Routing/ControllerDispatcher.php(47): App/Http/Controllers/AdminController->dashboard(Object(Illuminate/Http/Request))
#1 C:/Users/mukuk/Documents/GitHub/pif-ehub/vendor/laravel/framework/src/Illuminate/Routing/Route.php(266): Illuminate/Routing/ControllerDispatcher->dispatch(Object(Illuminate/Routing/Route), Object(App/Http/Controllers/AdminController), 'dashboard')
#2 C:/Users/mukuk/Documents/GitHub/pif-ehub/vendor/laravel/framework/src/Illuminate/Routing/Route.php(212): Illuminate/Routing/Route->runController()
#3 C:/Users/mukuk/Documents/GitHub/pif-ehub/vendor/laravel/framework/src/Illuminate/Routing/Router.php(808): Illuminate/Routing/Route->run()
#4 C:/Users/mukuk/Documents/GitHub/pif-ehub/vendor/laravel/framework/src/Illuminate/Pipeline/Pipeline.php(170): Illuminate/Routing/Router->{closure:Illuminate/Routing/Router::runRouteWithinStack():807}(Object(Illuminate/Http/Request))
#5 C:/Users/mukuk/Documents/GitHub/pif-ehub/app/Http/Middleware/Authenticate.php(36): Illuminate/Pipeline/Pipeline->{closure:Illuminate/Pipeline/Pipeline::prepareDestination():168}(Object(Illuminate/Http/Request))
#6 C:/Users/mukuk/Documents/GitHub/pif-ehub/vendor/laravel/framework/src/Illuminate/Pipeline/Pipeline.php(209): App/Http/Middleware/Authenticate->handle(Object(Illuminate/Http/Request), Object(Closure))
#7 C:/Users/mukuk/Documents/GitHub/pif-ehub/vendor/laravel/framework/src/Illuminate/Routing/Middleware/SubstituteBindings.php(51): Illuminate/Pipeline/Pipeline->{closure:{closure:Illuminate/Pipeline/Pipeline::carry():184}:185}(Object(Illuminate/Http/Request))
#8 C:/Users/mukuk/Documents/GitHub/pif-ehub/vendor/laravel/framework/src/Illuminate/Pipeline/Pipeline.php(209): Illuminate/Routing/Middleware/SubstituteBindings->handle(Object(Illuminate/Http/Request), Object(Closure))
#9 C:/Users/mukuk/Documents/GitHub/pif-ehub/vendor/laravel/framework/src/Illuminate/Foundation/Http/Middleware/VerifyCsrfToken.php(88): Illuminate/Pipeline/Pipeline->{closure:{closure:Illuminate/Pipeline/Pipeline::carry():184}:185}(Object(Illuminate/Http/Request))
#10 C:/Users/mukuk/Documents/GitHub/pif-ehub/vendor/laravel/framework/src/Illuminate/Pipeline/Pipeline.php(209): Illuminate/Foundation/Http/Middleware/VerifyCsrfToken->handle(Object(Illuminate/Http/Request), Object(Closure))
#11 C:/Users/mukuk/Documents/GitHub/pif-ehub/vendor/laravel/framework/src/Illuminate/View/Middleware/ShareErrorsFromSession.php(49): Illuminate/Pipeline/Pipeline->{closure:{closure:Illuminate/Pipeline/Pipeline::carry():184}:185}(Object(Illuminate/Http/Request))
#12 C:/Users/mukuk/Documents/GitHub/pif-ehub/vendor/laravel/framework/src/Illuminate/Pipeline/Pipeline.php(209): Illuminate/View/Middleware/ShareErrorsFromSession->handle(Object(Illuminate/Http/Request), Object(Closure))
#13 C:/Users/mukuk/Documents/GitHub/pif-ehub/vendor/laravel/framework/src/Illuminate/Session/Middleware/StartSession.php(121): Illuminate/Pipeline/Pipeline->{closure:{closure:Illuminate/Pipeline/Pipeline::carry():184}:185}(Object(Illuminate/Http/Request))
#14 C:/Users/mukuk/Documents/GitHub/pif-ehub/vendor/laravel/framework/src/Illuminate/Session/Middleware/StartSession.php(64): Illuminate/Session/Middleware/StartSession->handleStatefulRequest(Object(Illuminate/Http/Request), Object(Illuminate/Session/Store), Object(Closure))
#15 C:/Users/mukuk/Documents/GitHub/pif-ehub/vendor/laravel/framework/src/Illuminate/Pipeline/Pipeline.php(209): Illuminate/Session/Middleware/StartSession->handle(Object(Illuminate/Http/Request), Object(Closure))
#16 C:/Users/mukuk/Documents/GitHub/pif-ehub/vendor/laravel/framework/src/Illuminate/Cookie/Middleware/AddQueuedCookiesToResponse.php(37): Illuminate/Pipeline/Pipeline->{closure:{closure:Illuminate/Pipeline/Pipeline::carry():184}:185}(Object(Illuminate/Http/Request))
#17 C:/Users/mukuk/Documents/GitHub/pif-ehub/vendor/laravel/framework/src/Illuminate/Pipeline/Pipeline.php(209): Illuminate/Cookie/Middleware/AddQueuedCookiesToResponse->handle(Object(Illuminate/Http/Request), Object(Closure))
#18 C:/Users/mukuk/Documents/GitHub/pif-ehub/vendor/laravel/framework/src/Illuminate/Cookie/Middleware/EncryptCookies.php(75): Illuminate/Pipeline/Pipeline->{closure:{closure:Illuminate/Pipeline/Pipeline::carry():184}:185}(Object(Illuminate/Http/Request))
#19 C:/Users/mukuk/Documents/GitHub/pif-ehub/vendor/laravel/framework/src/Illuminate/Pipeline/Pipeline.php(209): Illuminate/Cookie/Middleware/EncryptCookies->handle(Object(Illuminate/Http/Request), Object(Closure))
#20 C:/Users/mukuk/Documents/GitHub/pif-ehub/vendor/laravel/framework/src/Illuminate/Pipeline/Pipeline.php(127): Illuminate/Pipeline/Pipeline->{closure:{closure:Illuminate/Pipeline/Pipeline::carry():184}:185}(Object(Illuminate/Http/Request))
#21 C:/Users/mukuk/Documents/GitHub/pif-ehub/vendor/laravel/framework/src/Illuminate/Routing/Router.php(807): Illuminate/Pipeline/Pipeline->then(Object(Closure))
#22 C:/Users/mukuk/Documents/GitHub/pif-ehub/vendor/laravel/framework/src/Illuminate/Routing/Router.php(786): Illuminate/Routing/Router->runRouteWithinStack(Object(Illuminate/Routing/Route), Object(Illuminate/Http/Request))
#23 C:/Users/mukuk/Documents/GitHub/pif-ehub/vendor/laravel/framework/src/Illuminate/Routing/Router.php(750): Illuminate/Routing/Router->runRoute(Object(Illuminate/Http/Request), Object(Illuminate/Routing/Route))
#24 C:/Users/mukuk/Documents/GitHub/pif-ehub/vendor/laravel/framework/src/Illuminate/Routing/Router.php(739): Illuminate/Routing/Router->dispatchToRoute(Object(Illuminate/Http/Request))
#25 C:/Users/mukuk/Documents/GitHub/pif-ehub/vendor/laravel/framework/src/Illuminate/Foundation/Http/Kernel.php(201): Illuminate/Routing/Router->dispatch(Object(Illuminate/Http/Request))
#26 C:/Users/mukuk/Documents/GitHub/pif-ehub/vendor/laravel/framework/src/Illuminate/Pipeline/Pipeline.php(170): Illuminate/Foundation/Http/Kernel->{closure:Illuminate/Foundation/Http/Kernel::dispatchToRouter():198}(Object(Illuminate/Http/Request))
#27 C:/Users/mukuk/Documents/GitHub/pif-ehub/vendor/laravel/framework/src/Illuminate/Foundation/Http/Middleware/TransformsRequest.php(21): Illuminate/Pipeline/Pipeline->{closure:Illuminate/Pipeline/Pipeline::prepareDestination():168}(Object(Illuminate/Http/Request))
#28 C:/Users/mukuk/Documents/GitHub/pif-ehub/vendor/laravel/framework/src/Illuminate/Foundation/Http/Middleware/ConvertEmptyStringsToNull.php(31): Illuminate/Foundation/Http/Middleware/TransformsRequest->handle(Object(Illuminate/Http/Request), Object(Closure))
#29 C:/Users/mukuk/Documents/GitHub/pif-ehub/vendor/laravel/framework/src/Illuminate/Pipeline/Pipeline.php(209): Illuminate/Foundation/Http/Middleware/ConvertEmptyStringsToNull->handle(Object(Illuminate/Http/Request), Object(Closure))
#30 C:/Users/mukuk/Documents/GitHub/pif-ehub/vendor/laravel/framework/src/Illuminate/Foundation/Http/Middleware/TransformsRequest.php(21): Illuminate/Pipeline/Pipeline->{closure:{closure:Illuminate/Pipeline/Pipeline::carry():184}:185}(Object(Illuminate/Http/Request))
#31 C:/Users/mukuk/Documents/GitHub/pif-ehub/vendor/laravel/framework/src/Illuminate/Foundation/Http/Middleware/TrimStrings.php(51): Illuminate/Foundation/Http/Middleware/TransformsRequest->handle(Object(Illuminate/Http/Request), Object(Closure))
#32 C:/Users/mukuk/Documents/GitHub/pif-ehub/vendor/laravel/framework/src/Illuminate/Pipeline/Pipeline.php(209): Illuminate/Foundation/Http/Middleware/TrimStrings->handle(Object(Illuminate/Http/Request), Object(Closure))
#33 C:/Users/mukuk/Documents/GitHub/pif-ehub/vendor/laravel/framework/src/Illuminate/Http/Middleware/ValidatePostSize.php(27): Illuminate/Pipeline/Pipeline->{closure:{closure:Illuminate/Pipeline/Pipeline::carry():184}:185}(Object(Illuminate/Http/Request))
#34 C:/Users/mukuk/Documents/GitHub/pif-ehub/vendor/laravel/framework/src/Illuminate/Pipeline/Pipeline.php(209): Illuminate/Http/Middleware/ValidatePostSize->handle(Object(Illuminate/Http/Request), Object(Closure))
#35 C:/Users/mukuk/Documents/GitHub/pif-ehub/vendor/laravel/framework/src/Illuminate/Foundation/Http/Middleware/PreventRequestsDuringMaintenance.php(110): Illuminate/Pipeline/Pipeline->{closure:{closure:Illuminate/Pipeline/Pipeline::carry():184}:185}(Object(Illuminate/Http/Request))
#36 C:/Users/mukuk/Documents/GitHub/pif-ehub/vendor/laravel/framework/src/Illuminate/Pipeline/Pipeline.php(209): Illuminate/Foundation/Http/Middleware/PreventRequestsDuringMaintenance->handle(Object(Illuminate/Http/Request), Object(Closure))
#37 C:/Users/mukuk/Documents/GitHub/pif-ehub/vendor/laravel/framework/src/Illuminate/Http/Middleware/HandleCors.php(49): Illuminate/Pipeline/Pipeline->{closure:{closure:Illuminate/Pipeline/Pipeline::carry():184}:185}(Object(Illuminate/Http/Request))
#38 C:/Users/mukuk/Documents/GitHub/pif-ehub/vendor/laravel/framework/src/Illuminate/Pipeline/Pipeline.php(209): Illuminate/Http/Middleware/HandleCors->handle(Object(Illuminate/Http/Request), Object(Closure))
#39 C:/Users/mukuk/Documents/GitHub/pif-ehub/vendor/laravel/framework/src/Illuminate/Http/Middleware/TrustProxies.php(58): Illuminate/Pipeline/Pipeline->{closure:{closure:Illuminate/Pipeline/Pipeline::carry():184}:185}(Object(Illuminate/Http/Request))
#40 C:/Users/mukuk/Documents/GitHub/pif-ehub/vendor/laravel/framework/src/Illuminate/Pipeline/Pipeline.php(209): Illuminate/Http/Middleware/TrustProxies->handle(Object(Illuminate/Http/Request), Object(Closure))
#41 C:/Users/mukuk/Documents/GitHub/pif-ehub/vendor/laravel/framework/src/Illuminate/Foundation/Http/Middleware/InvokeDeferredCallbacks.php(22): Illuminate/Pipeline/Pipeline->{closure:{closure:Illuminate/Pipeline/Pipeline::carry():184}:185}(Object(Illuminate/Http/Request))
#42 C:/Users/mukuk/Documents/GitHub/pif-ehub/vendor/laravel/framework/src/Illuminate/Pipeline/Pipeline.php(209): Illuminate/Foundation/Http/Middleware/InvokeDeferredCallbacks->handle(Object(Illuminate/Http/Request), Object(Closure))
#43 C:/Users/mukuk/Documents/GitHub/pif-ehub/vendor/laravel/framework/src/Illuminate/Pipeline/Pipeline.php(127): Illuminate/Pipeline/Pipeline->{closure:{closure:Illuminate/Pipeline/Pipeline::carry():184}:185}(Object(Illuminate/Http/Request))
#44 C:/Users/mukuk/Documents/GitHub/pif-ehub/vendor/laravel/framework/src/Illuminate/Foundation/Http/Kernel.php(176): Illuminate/Pipeline/Pipeline->then(Object(Closure))
#45 C:/Users/mukuk/Documents/GitHub/pif-ehub/vendor/laravel/framework/src/Illuminate/Foundation/Http/Kernel.php(145): Illuminate/Foundation/Http/Kernel->sendRequestThroughRouter(Object(Illuminate/Http/Request))
#46 C:/Users/mukuk/Documents/GitHub/pif-ehub/vendor/laravel/framework/src/Illuminate/Foundation/Application.php(1220): Illuminate/Foundation/Http/Kernel->handle(Object(Illuminate/Http/Request))
#47 C:/Users/mukuk/Documents/GitHub/pif-ehub/public/index.php(17): Illuminate/Foundation/Application->handleRequest(Object(Illuminate/Http/Request))
#48 C:/Users/mukuk/Documents/GitHub/pif-ehub/vendor/laravel/framework/src/Illuminate/Foundation/resources/server.php(23): require_once('C://Users//mukuk//...')
#49 {main}
"} 
[2026-09-17 08:24:03] production.ERROR: Target class [request] does not exist. {"exception":"[object] (Illuminate\\Contracts\\Container\\BindingResolutionException(code: 0): Target class [request] does not exist. at C:/Users/mukuk/Documents/GitHub/pif-ehub/vendor/laravel/framework/src/Illuminate/Container/Container.php:961)
[stacktrace]
#0 C:/Users/mukuk/Documents/GitHub/pif-ehub/vendor/laravel/framework/src/Illuminate/Container/Container.php(832): Illuminate/Container/Container->build('request')
#1 C:/Users/mukuk/Documents/GitHub/pif-ehub/vendor/laravel/framework/src/Illuminate/Foundation/Application.php(1078): Illuminate/Container/Container->resolve('request', Array, true)
#2 C:/Users/mukuk/Documents/GitHub/pif-ehub/vendor/laravel/framework/src/Illuminate/Container/Container.php(763): Illuminate/Foundation/Application->resolve('request', Array)
#3 C:/Users/mukuk/Documents/GitHub/pif-ehub/vendor/laravel/framework/src/Illuminate/Foundation/Application.php(1058): Illuminate/Container/Container->make('request', Array)
#4 C:/Users/mukuk/Documents/GitHub/pif-ehub/vendor/laravel/framework/src/Illuminate/Foundation/helpers.php(124): Illuminate/Foundation/Application->make('request', Array)
#5 C:/Users/mukuk/Documents/GitHub/pif-ehub/vendor/laravel/framework/src/Illuminate/Foundation/helpers.php(753): app('request')
#6 C:/Users/mukuk/Documents/GitHub/pif-ehub/app/Providers/AppServiceProvider.php(23): request()
#7 C:/Users/mukuk/Documents/GitHub/pif-ehub/vendor/laravel/framework/src/Illuminate/Container/BoundMethod.php(36): App/Providers/AppServiceProvider->boot()
#8 C:/Users/mukuk/Documents/GitHub/pif-ehub/vendor/laravel/framework/src/Illuminate/Container/Util.php(43): Illuminate/Container/BoundMethod::{closure:Illuminate/Container/BoundMethod::call():35}()
#9 C:/Users/mukuk/Documents/GitHub/pif-ehub/vendor/laravel/framework/src/Illuminate/Container/BoundMethod.php(95): Illuminate/Container/Util::unwrapIfClosure(Object(Closure))
#10 C:/Users/mukuk/Documents/GitHub/pif-ehub/vendor/laravel/framework/src/Illuminate/Container/BoundMethod.php(35): Illuminate/Container/BoundMethod::callBoundMethod(Object(Illuminate/Foundation/Application), Array, Object(Closure))
#11 C:/Users/mukuk/Documents/GitHub/pif-ehub/vendor/laravel/framework/src/Illuminate/Container/Container.php(696): Illuminate/Container/BoundMethod::call(Object(Illuminate/Foundation/Application), Array, Array, NULL)
#12 C:/Users/mukuk/Documents/GitHub/pif-ehub/vendor/laravel/framework/src/Illuminate/Foundation/Application.php(1151): Illuminate/Container/Container->call(Array)
#13 C:/Users/mukuk/Documents/GitHub/pif-ehub/vendor/laravel/framework/src/Illuminate/Foundation/Application.php(1132): Illuminate/Foundation/Application->bootProvider(Object(App/Providers/AppServiceProvider))
#14 [internal function]: Illuminate/Foundation/Application->{closure:Illuminate/Foundation/Application::boot():1131}(Object(App/Providers/AppServiceProvider), 'App//Providers//A...')
#15 C:/Users/mukuk/Documents/GitHub/pif-ehub/vendor/laravel/framework/src/Illuminate/Foundation/Application.php(1131): array_walk(Array, Object(Closure))
#16 C:/Users/mukuk/Documents/GitHub/pif-ehub/vendor/laravel/framework/src/Illuminate/Foundation/Bootstrap/BootProviders.php(17): Illuminate/Foundation/Application->boot()
#17 C:/Users/mukuk/Documents/GitHub/pif-ehub/vendor/laravel/framework/src/Illuminate/Foundation/Application.php(342): Illuminate/Foundation/Bootstrap/BootProviders->bootstrap(Object(Illuminate/Foundation/Application))
#18 C:/Users/mukuk/Documents/GitHub/pif-ehub/vendor/laravel/framework/src/Illuminate/Foundation/Http/Kernel.php(187): Illuminate/Foundation/Application->bootstrapWith(Array)
#19 C:/Users/mukuk/Documents/GitHub/pif-ehub/scratch_test_admin.php(6): Illuminate/Foundation/Http/Kernel->bootstrap()
#20 {main}

[previous exception] [object] (ReflectionException(code: -1): Class \"request\" does not exist at C:/Users/mukuk/Documents/GitHub/pif-ehub/vendor/laravel/framework/src/Illuminate/Container/Container.php:959)
[stacktrace]
#0 C:/Users/mukuk/Documents/GitHub/pif-ehub/vendor/laravel/framework/src/Illuminate/Container/Container.php(959): ReflectionClass->__construct('request')
#1 C:/Users/mukuk/Documents/GitHub/pif-ehub/vendor/laravel/framework/src/Illuminate/Container/Container.php(832): Illuminate/Container/Container->build('request')
#2 C:/Users/mukuk/Documents/GitHub/pif-ehub/vendor/laravel/framework/src/Illuminate/Foundation/Application.php(1078): Illuminate/Container/Container->resolve('request', Array, true)
#3 C:/Users/mukuk/Documents/GitHub/pif-ehub/vendor/laravel/framework/src/Illuminate/Container/Container.php(763): Illuminate/Foundation/Application->resolve('request', Array)
#4 C:/Users/mukuk/Documents/GitHub/pif-ehub/vendor/laravel/framework/src/Illuminate/Foundation/Application.php(1058): Illuminate/Container/Container->make('request', Array)
#5 C:/Users/mukuk/Documents/GitHub/pif-ehub/vendor/laravel/framework/src/Illuminate/Foundation/helpers.php(124): Illuminate/Foundation/Application->make('request', Array)
#6 C:/Users/mukuk/Documents/GitHub/pif-ehub/vendor/laravel/framework/src/Illuminate/Foundation/helpers.php(753): app('request')
#7 C:/Users/mukuk/Documents/GitHub/pif-ehub/app/Providers/AppServiceProvider.php(23): request()
#8 C:/Users/mukuk/Documents/GitHub/pif-ehub/vendor/laravel/framework/src/Illuminate/Container/BoundMethod.php(36): App/Providers/AppServiceProvider->boot()
#9 C:/Users/mukuk/Documents/GitHub/pif-ehub/vendor/laravel/framework/src/Illuminate/Container/Util.php(43): Illuminate/Container/BoundMethod::{closure:Illuminate/Container/BoundMethod::call():35}()
#10 C:/Users/mukuk/Documents/GitHub/pif-ehub/vendor/laravel/framework/src/Illuminate/Container/BoundMethod.php(95): Illuminate/Container/Util::unwrapIfClosure(Object(Closure))
#11 C:/Users/mukuk/Documents/GitHub/pif-ehub/vendor/laravel/framework/src/Illuminate/Container/BoundMethod.php(35): Illuminate/Container/BoundMethod::callBoundMethod(Object(Illuminate/Foundation/Application), Array, Object(Closure))
#12 C:/Users/mukuk/Documents/GitHub/pif-ehub/vendor/laravel/framework/src/Illuminate/Container/Container.php(696): Illuminate/Container/BoundMethod::call(Object(Illuminate/Foundation/Application), Array, Array, NULL)
#13 C:/Users/mukuk/Documents/GitHub/pif-ehub/vendor/laravel/framework/src/Illuminate/Foundation/Application.php(1151): Illuminate/Container/Container->call(Array)
#14 C:/Users/mukuk/Documents/GitHub/pif-ehub/vendor/laravel/framework/src/Illuminate/Foundation/Application.php(1132): Illuminate/Foundation/Application->bootProvider(Object(App/Providers/AppServiceProvider))
#15 [internal function]: Illuminate/Foundation/Application->{closure:Illuminate/Foundation/Application::boot():1131}(Object(App/Providers/AppServiceProvider), 'App//Providers//A...')
#16 C:/Users/mukuk/Documents/GitHub/pif-ehub/vendor/laravel/framework/src/Illuminate/Foundation/Application.php(1131): array_walk(Array, Object(Closure))
#17 C:/Users/mukuk/Documents/GitHub/pif-ehub/vendor/laravel/framework/src/Illuminate/Foundation/Bootstrap/BootProviders.php(17): Illuminate/Foundation/Application->boot()
#18 C:/Users/mukuk/Documents/GitHub/pif-ehub/vendor/laravel/framework/src/Illuminate/Foundation/Application.php(342): Illuminate/Foundation/Bootstrap/BootProviders->bootstrap(Object(Illuminate/Foundation/Application))
#19 C:/Users/mukuk/Documents/GitHub/pif-ehub/vendor/laravel/framework/src/Illuminate/Foundation/Http/Kernel.php(187): Illuminate/Foundation/Application->bootstrapWith(Array)
#20 C:/Users/mukuk/Documents/GitHub/pif-ehub/scratch_test_admin.php(6): Illuminate/Foundation/Http/Kernel->bootstrap()
#21 {main}
"} 
[2026-09-22 08:04:27] production.ERROR: Score verified in DB {"exception":"[object] (AssertionError(code: 1): Score verified in DB at C:/Users/mukuk/Documents/GitHub/pif-ehub/scratch/test_roster_and_imports.php:100)
[stacktrace]
#0 C:/Users/mukuk/Documents/GitHub/pif-ehub/scratch/test_roster_and_imports.php(100): assert(false, 'Score verified ...')
#1 {main}
"} 
[2026-09-22 08:05:09] production.ERROR: Score verified in DB {"exception":"[object] (AssertionError(code: 1): Score verified in DB at C:/Users/mukuk/Documents/GitHub/pif-ehub/scratch/test_roster_and_imports.php:100)
[stacktrace]
#0 C:/Users/mukuk/Documents/GitHub/pif-ehub/scratch/test_roster_and_imports.php(100): assert(false, 'Score verified ...')
#1 {main}
"} 
[2026-09-22 12:33:27] production.ERROR: Class "App\Models\AssessmentQuestion" not found {"exception":"[object] (Error(code: 0): Class \"App\\Models\\AssessmentQuestion\" not found at C:/Users/mukuk/Documents/GitHub/pif-ehub/scratch/test_import_and_candidates.php:47)
[stacktrace]
#0 {main}
"} 
[2026-09-22 12:33:58] production.ERROR: SQLSTATE[23000]: Integrity constraint violation: 19 NOT NULL constraint failed: assessment_assignments.role (Connection: sqlite, SQL: insert into "assessment_assignments" ("assessment_id", "candidate_id", "updated_at", "created_at") values (4, 26, 2026-09-22 12:33:58, 2026-09-22 12:33:58)) {"exception":"[object] (Illuminate\\Database\\QueryException(code: 23000): SQLSTATE[23000]: Integrity constraint violation: 19 NOT NULL constraint failed: assessment_assignments.role (Connection: sqlite, SQL: insert into \"assessment_assignments\" (\"assessment_id\", \"candidate_id\", \"updated_at\", \"created_at\") values (4, 26, 2026-09-22 12:33:58, 2026-09-22 12:33:58)) at C:/Users/mukuk/Documents/GitHub/pif-ehub/vendor/laravel/framework/src/Illuminate/Database/Connection.php:825)
[stacktrace]
#0 C:/Users/mukuk/Documents/GitHub/pif-ehub/vendor/laravel/framework/src/Illuminate/Database/Connection.php(779): Illuminate/Database/Connection->runQueryCallback('insert into \"as...', Array, Object(Closure))
#1 C:/Users/mukuk/Documents/GitHub/pif-ehub/vendor/laravel/framework/src/Illuminate/Database/Connection.php(560): Illuminate/Database/Connection->run('insert into \"as...', Array, Object(Closure))
#2 C:/Users/mukuk/Documents/GitHub/pif-ehub/vendor/laravel/framework/src/Illuminate/Database/Connection.php(524): Illuminate/Database/Connection->statement('insert into \"as...', Array)
#3 C:/Users/mukuk/Documents/GitHub/pif-ehub/vendor/laravel/framework/src/Illuminate/Database/Query/Processors/Processor.php(32): Illuminate/Database/Connection->insert('insert into \"as...', Array)
#4 C:/Users/mukuk/Documents/GitHub/pif-ehub/vendor/laravel/framework/src/Illuminate/Database/Query/Builder.php(3766): Illuminate/Database/Query/Processors/Processor->processInsertGetId(Object(Illuminate/Database/Query/Builder), 'insert into \"as...', Array, 'id')
#5 C:/Users/mukuk/Documents/GitHub/pif-ehub/vendor/laravel/framework/src/Illuminate/Database/Eloquent/Builder.php(2120): Illuminate/Database/Query/Builder->insertGetId(Array, 'id')
#6 C:/Users/mukuk/Documents/GitHub/pif-ehub/vendor/laravel/framework/src/Illuminate/Database/Eloquent/Model.php(1359): Illuminate/Database/Eloquent/Builder->__call('insertGetId', Array)
#7 C:/Users/mukuk/Documents/GitHub/pif-ehub/vendor/laravel/framework/src/Illuminate/Database/Eloquent/Model.php(1324): Illuminate/Database/Eloquent/Model->insertAndSetId(Object(Illuminate/Database/Eloquent/Builder), Array)
#8 C:/Users/mukuk/Documents/GitHub/pif-ehub/vendor/laravel/framework/src/Illuminate/Database/Eloquent/Model.php(1163): Illuminate/Database/Eloquent/Model->performInsert(Object(Illuminate/Database/Eloquent/Builder))
#9 C:/Users/mukuk/Documents/GitHub/pif-ehub/vendor/laravel/framework/src/Illuminate/Database/Eloquent/Builder.php(1128): Illuminate/Database/Eloquent/Model->save()
#10 C:/Users/mukuk/Documents/GitHub/pif-ehub/vendor/laravel/framework/src/Illuminate/Support/helpers.php(399): Illuminate/Database/Eloquent/Builder->{closure:Illuminate/Database/Eloquent/Builder::create():1127}(Object(App/Models/AssessmentAssignment))
#11 C:/Users/mukuk/Documents/GitHub/pif-ehub/vendor/laravel/framework/src/Illuminate/Database/Eloquent/Builder.php(1127): tap(Object(App/Models/AssessmentAssignment), Object(Closure))
#12 C:/Users/mukuk/Documents/GitHub/pif-ehub/vendor/laravel/framework/src/Illuminate/Database/Eloquent/Builder.php(634): Illuminate/Database/Eloquent/Builder->create(Array)
#13 C:/Users/mukuk/Documents/GitHub/pif-ehub/vendor/laravel/framework/src/Illuminate/Database/Eloquent/Builder.php(1864): Illuminate/Database/Eloquent/Builder->{closure:Illuminate/Database/Eloquent/Builder::createOrFirst():634}()
#14 C:/Users/mukuk/Documents/GitHub/pif-ehub/vendor/laravel/framework/src/Illuminate/Database/Eloquent/Builder.php(634): Illuminate/Database/Eloquent/Builder->withSavepointIfNeeded(Object(Closure))
#15 C:/Users/mukuk/Documents/GitHub/pif-ehub/vendor/laravel/framework/src/Illuminate/Database/Eloquent/Builder.php(621): Illuminate/Database/Eloquent/Builder->createOrFirst(Array, Array)
#16 C:/Users/mukuk/Documents/GitHub/pif-ehub/vendor/laravel/framework/src/Illuminate/Database/Eloquent/Builder.php(649): Illuminate/Database/Eloquent/Builder->firstOrCreate(Array, Array)
#17 C:/Users/mukuk/Documents/GitHub/pif-ehub/vendor/laravel/framework/src/Illuminate/Support/Traits/ForwardsCalls.php(23): Illuminate/Database/Eloquent/Builder->updateOrCreate(Array)
#18 C:/Users/mukuk/Documents/GitHub/pif-ehub/vendor/laravel/framework/src/Illuminate/Database/Eloquent/Model.php(2372): Illuminate/Database/Eloquent/Model->forwardCallTo(Object(Illuminate/Database/Eloquent/Builder), 'updateOrCreate', Array)
#19 C:/Users/mukuk/Documents/GitHub/pif-ehub/vendor/laravel/framework/src/Illuminate/Database/Eloquent/Model.php(2384): Illuminate/Database/Eloquent/Model->__call('updateOrCreate', Array)
#20 C:/Users/mukuk/Documents/GitHub/pif-ehub/scratch/test_import_and_candidates.php(81): Illuminate/Database/Eloquent/Model::__callStatic('updateOrCreate', Array)
#21 {main}

[previous exception] [object] (PDOException(code: 23000): SQLSTATE[23000]: Integrity constraint violation: 19 NOT NULL constraint failed: assessment_assignments.role at C:/Users/mukuk/Documents/GitHub/pif-ehub/vendor/laravel/framework/src/Illuminate/Database/Connection.php:571)
[stacktrace]
#0 C:/Users/mukuk/Documents/GitHub/pif-ehub/vendor/laravel/framework/src/Illuminate/Database/Connection.php(571): PDOStatement->execute()
#1 C:/Users/mukuk/Documents/GitHub/pif-ehub/vendor/laravel/framework/src/Illuminate/Database/Connection.php(812): Illuminate/Database/Connection->{closure:Illuminate/Database/Connection::statement():560}('insert into \"as...', Array)
#2 C:/Users/mukuk/Documents/GitHub/pif-ehub/vendor/laravel/framework/src/Illuminate/Database/Connection.php(779): Illuminate/Database/Connection->runQueryCallback('insert into \"as...', Array, Object(Closure))
#3 C:/Users/mukuk/Documents/GitHub/pif-ehub/vendor/laravel/framework/src/Illuminate/Database/Connection.php(560): Illuminate/Database/Connection->run('insert into \"as...', Array, Object(Closure))
#4 C:/Users/mukuk/Documents/GitHub/pif-ehub/vendor/laravel/framework/src/Illuminate/Database/Connection.php(524): Illuminate/Database/Connection->statement('insert into \"as...', Array)
#5 C:/Users/mukuk/Documents/GitHub/pif-ehub/vendor/laravel/framework/src/Illuminate/Database/Query/Processors/Processor.php(32): Illuminate/Database/Connection->insert('insert into \"as...', Array)
#6 C:/Users/mukuk/Documents/GitHub/pif-ehub/vendor/laravel/framework/src/Illuminate/Database/Query/Builder.php(3766): Illuminate/Database/Query/Processors/Processor->processInsertGetId(Object(Illuminate/Database/Query/Builder), 'insert into \"as...', Array, 'id')
#7 C:/Users/mukuk/Documents/GitHub/pif-ehub/vendor/laravel/framework/src/Illuminate/Database/Eloquent/Builder.php(2120): Illuminate/Database/Query/Builder->insertGetId(Array, 'id')
#8 C:/Users/mukuk/Documents/GitHub/pif-ehub/vendor/laravel/framework/src/Illuminate/Database/Eloquent/Model.php(1359): Illuminate/Database/Eloquent/Builder->__call('insertGetId', Array)
#9 C:/Users/mukuk/Documents/GitHub/pif-ehub/vendor/laravel/framework/src/Illuminate/Database/Eloquent/Model.php(1324): Illuminate/Database/Eloquent/Model->insertAndSetId(Object(Illuminate/Database/Eloquent/Builder), Array)
#10 C:/Users/mukuk/Documents/GitHub/pif-ehub/vendor/laravel/framework/src/Illuminate/Database/Eloquent/Model.php(1163): Illuminate/Database/Eloquent/Model->performInsert(Object(Illuminate/Database/Eloquent/Builder))
#11 C:/Users/mukuk/Documents/GitHub/pif-ehub/vendor/laravel/framework/src/Illuminate/Database/Eloquent/Builder.php(1128): Illuminate/Database/Eloquent/Model->save()
#12 C:/Users/mukuk/Documents/GitHub/pif-ehub/vendor/laravel/framework/src/Illuminate/Support/helpers.php(399): Illuminate/Database/Eloquent/Builder->{closure:Illuminate/Database/Eloquent/Builder::create():1127}(Object(App/Models/AssessmentAssignment))
#13 C:/Users/mukuk/Documents/GitHub/pif-ehub/vendor/laravel/framework/src/Illuminate/Database/Eloquent/Builder.php(1127): tap(Object(App/Models/AssessmentAssignment), Object(Closure))
#14 C:/Users/mukuk/Documents/GitHub/pif-ehub/vendor/laravel/framework/src/Illuminate/Database/Eloquent/Builder.php(634): Illuminate/Database/Eloquent/Builder->create(Array)
#15 C:/Users/mukuk/Documents/GitHub/pif-ehub/vendor/laravel/framework/src/Illuminate/Database/Eloquent/Builder.php(1864): Illuminate/Database/Eloquent/Builder->{closure:Illuminate/Database/Eloquent/Builder::createOrFirst():634}()
#16 C:/Users/mukuk/Documents/GitHub/pif-ehub/vendor/laravel/framework/src/Illuminate/Database/Eloquent/Builder.php(634): Illuminate/Database/Eloquent/Builder->withSavepointIfNeeded(Object(Closure))
#17 C:/Users/mukuk/Documents/GitHub/pif-ehub/vendor/laravel/framework/src/Illuminate/Database/Eloquent/Builder.php(621): Illuminate/Database/Eloquent/Builder->createOrFirst(Array, Array)
#18 C:/Users/mukuk/Documents/GitHub/pif-ehub/vendor/laravel/framework/src/Illuminate/Database/Eloquent/Builder.php(649): Illuminate/Database/Eloquent/Builder->firstOrCreate(Array, Array)
#19 C:/Users/mukuk/Documents/GitHub/pif-ehub/vendor/laravel/framework/src/Illuminate/Support/Traits/ForwardsCalls.php(23): Illuminate/Database/Eloquent/Builder->updateOrCreate(Array)
#20 C:/Users/mukuk/Documents/GitHub/pif-ehub/vendor/laravel/framework/src/Illuminate/Database/Eloquent/Model.php(2372): Illuminate/Database/Eloquent/Model->forwardCallTo(Object(Illuminate/Database/Eloquent/Builder), 'updateOrCreate', Array)
#21 C:/Users/mukuk/Documents/GitHub/pif-ehub/vendor/laravel/framework/src/Illuminate/Database/Eloquent/Model.php(2384): Illuminate/Database/Eloquent/Model->__call('updateOrCreate', Array)
#22 C:/Users/mukuk/Documents/GitHub/pif-ehub/scratch/test_import_and_candidates.php(81): Illuminate/Database/Eloquent/Model::__callStatic('updateOrCreate', Array)
#23 {main}
"} 
[2026-09-22 12:34:44] production.ERROR: Undefined array key "processed" {"exception":"[object] (ErrorException(code: 0): Undefined array key \"processed\" at C:/Users/mukuk/Documents/GitHub/pif-ehub/scratch/test_import_and_candidates.php:117)
[stacktrace]
#0 C:/Users/mukuk/Documents/GitHub/pif-ehub/vendor/laravel/framework/src/Illuminate/Foundation/Bootstrap/HandleExceptions.php(258): Illuminate/Foundation/Bootstrap/HandleExceptions->handleError(2, 'Undefined array...', 'C://Users//mukuk//...', 117)
#1 C:/Users/mukuk/Documents/GitHub/pif-ehub/scratch/test_import_and_candidates.php(117): Illuminate/Foundation/Bootstrap/HandleExceptions->{closure:Illuminate/Foundation/Bootstrap/HandleExceptions::forwardsTo():257}(2, 'Undefined array...', 'C://Users//mukuk//...', 117)
#2 {main}
"} 
[2026-09-22 14:23:50] production.ERROR: Class "App\Models\ScoringRule" not found {"exception":"[object] (Error(code: 0): Class \"App\\Models\\ScoringRule\" not found at C:/Users/mukuk/Documents/GitHub/pif-ehub/test_rounds_and_deletion.php:31)
[stacktrace]
#0 {main}
"} 
[2026-09-22 15:58:20] production.ERROR: PHP Parse error: Syntax error, unexpected T_OBJECT_OPERATOR on line 1 {"exception":"[object] (Psy\\Exception\\ParseErrorException(code: 0): PHP Parse error: Syntax error, unexpected T_OBJECT_OPERATOR on line 1 at C:/Users/mukuk/Documents/GitHub/pif-ehub/vendor/psy/psysh/src/Exception/ParseErrorException.php:44)
[stacktrace]
#0 C:/Users/mukuk/Documents/GitHub/pif-ehub/vendor/psy/psysh/src/CodeCleaner.php(657): Psy/Exception/ParseErrorException::fromParseError(Object(PhpParser/Error))
#1 C:/Users/mukuk/Documents/GitHub/pif-ehub/vendor/psy/psysh/src/CodeCleaner.php(273): Psy/CodeCleaner->parse('<?php echo 'Sur...', false)
#2 C:/Users/mukuk/Documents/GitHub/pif-ehub/vendor/psy/psysh/src/Shell.php(1364): Psy/CodeCleaner->clean(Array, false)
#3 C:/Users/mukuk/Documents/GitHub/pif-ehub/vendor/psy/psysh/src/Shell.php(1471): Psy/Shell->appendCode('echo 'SurveyRes...', true, false)
#4 C:/Users/mukuk/Documents/GitHub/pif-ehub/vendor/psy/psysh/src/Shell.php(2180): Psy/Shell->setCode('echo 'SurveyRes...', true)
#5 C:/Users/mukuk/Documents/GitHub/pif-ehub/vendor/laravel/tinker/src/Console/TinkerCommand.php(77): Psy/Shell->execute('echo 'SurveyRes...')
#6 C:/Users/mukuk/Documents/GitHub/pif-ehub/vendor/laravel/framework/src/Illuminate/Container/BoundMethod.php(36): Laravel/Tinker/Console/TinkerCommand->handle()
#7 C:/Users/mukuk/Documents/GitHub/pif-ehub/vendor/laravel/framework/src/Illuminate/Container/Util.php(43): Illuminate/Container/BoundMethod::{closure:Illuminate/Container/BoundMethod::call():35}()
#8 C:/Users/mukuk/Documents/GitHub/pif-ehub/vendor/laravel/framework/src/Illuminate/Container/BoundMethod.php(95): Illuminate/Container/Util::unwrapIfClosure(Object(Closure))
#9 C:/Users/mukuk/Documents/GitHub/pif-ehub/vendor/laravel/framework/src/Illuminate/Container/BoundMethod.php(35): Illuminate/Container/BoundMethod::callBoundMethod(Object(Illuminate/Foundation/Application), Array, Object(Closure))
#10 C:/Users/mukuk/Documents/GitHub/pif-ehub/vendor/laravel/framework/src/Illuminate/Container/Container.php(696): Illuminate/Container/BoundMethod::call(Object(Illuminate/Foundation/Application), Array, Array, NULL)
#11 C:/Users/mukuk/Documents/GitHub/pif-ehub/vendor/laravel/framework/src/Illuminate/Console/Command.php(213): Illuminate/Container/Container->call(Array)
#12 C:/Users/mukuk/Documents/GitHub/pif-ehub/vendor/symfony/console/Command/Command.php(341): Illuminate/Console/Command->execute(Object(Symfony/Component/Console/Input/ArgvInput), Object(Illuminate/Console/OutputStyle))
#13 C:/Users/mukuk/Documents/GitHub/pif-ehub/vendor/laravel/framework/src/Illuminate/Console/Command.php(182): Symfony/Component/Console/Command/Command->run(Object(Symfony/Component/Console/Input/ArgvInput), Object(Illuminate/Console/OutputStyle))
#14 C:/Users/mukuk/Documents/GitHub/pif-ehub/vendor/symfony/console/Application.php(1117): Illuminate/Console/Command->run(Object(Symfony/Component/Console/Input/ArgvInput), Object(Symfony/Component/Console/Output/ConsoleOutput))
#15 C:/Users/mukuk/Documents/GitHub/pif-ehub/vendor/symfony/console/Application.php(356): Symfony/Component/Console/Application->doRunCommand(Object(Laravel/Tinker/Console/TinkerCommand), Object(Symfony/Component/Console/Input/ArgvInput), Object(Symfony/Component/Console/Output/ConsoleOutput))
#16 C:/Users/mukuk/Documents/GitHub/pif-ehub/vendor/symfony/console/Application.php(195): Symfony/Component/Console/Application->doRun(Object(Symfony/Component/Console/Input/ArgvInput), Object(Symfony/Component/Console/Output/ConsoleOutput))
#17 C:/Users/mukuk/Documents/GitHub/pif-ehub/vendor/laravel/framework/src/Illuminate/Foundation/Console/Kernel.php(198): Symfony/Component/Console/Application->run(Object(Symfony/Component/Console/Input/ArgvInput), Object(Symfony/Component/Console/Output/ConsoleOutput))
#18 C:/Users/mukuk/Documents/GitHub/pif-ehub/artisan(12): Illuminate/Foundation/Console/Kernel->handle(Object(Symfony/Component/Console/Input/ArgvInput), Object(Symfony/Component/Console/Output/ConsoleOutput))
#19 {main}
"} 
